lat,lon,uid,aqi,name,time,date
0.5070677,101.4477793,8288,74,"Pekanbaru, Indonesia",03:00:00,11/08/2023
22.5367507,88.3638022,12746,159,"Ballygunge, Kolkata, India",01:30:00,11/08/2023
21.613267,73.010555,11843,52,"GIDC, Ankleshwar, India",02:30:00,11/08/2023
32.6689873,-94.1674569,221,52,"Karnack, Tyler, Texas",01:00:00,11/08/2023
57.28,27.07,-212278,7,Dārziņi,03:26:31,11/08/2023
-38.15588,146.7842,12685,63,Rosedale,03:00:00,11/08/2023
55.7296619,21.9292986,3320,31,"Zemaitija, Lithuania",01:00:00,11/08/2023
54.12,-4.71,-379345,52,Earystane Road,03:24:30,11/08/2023
36.0464,103.831,1407,114,"Railway Design Institute, Lanzhou (兰州铁路设计院)",02:00:00,11/08/2023
45.7319,126.685,1284,82,"Xiangfang Hongqi Street, Haerbin (哈尔滨香坊红旗大街)",02:00:00,11/08/2023
23.243639,72.68994,13731,188,"IIPHG Lekawada, Gandhinagar, India",02:30:00,11/08/2023
36.99678539,-1.89535276,8436,41,"Pza. Del Castillo, Carboneras, Spain",01:00:00,11/08/2023
-41.27822953,173.2735265,11971,59,"Nelson South Nelson At St Vincent St, New Zealand",02:00:00,11/08/2023
43.925395,4.265812,8569,49,"Périphérie de Nîmes, LangedocRoussillon, France",01:00:00,11/08/2023
47.8515,88.1267,7249,52,"City Station, Altay (阿勒泰地区市站)",02:00:00,11/08/2023
66.312191,14.149923,12698,11,"Moheia vest, Mo i Rana, Norway",01:00:00,11/08/2023
39.9233,-77.3081,5886,55,"Arendtsville, Pennsylvania, USA",00:00:00,11/08/2023
38.656449,-90.198548,7350,42,"Blair Street, Missouri, USA",02:00:00,11/08/2023
46.142317,-60.172575,8859,12,"Sydney, Nova Scotia, Canada",02:00:00,11/08/2023
6.376,-10.782,-191875,38,Duala,03:26:14,11/08/2023
29.6588,90.9798,1388,53,"District radiation station, Lhasa (拉萨区辐射站)",02:00:00,11/08/2023
43.945944,-78.894917,21,53,"Oshawa, Ontario, Canada",02:00:00,11/08/2023
46.804,134.252,-124039,6,Лесная улица,03:25:59,11/08/2023
41.388931,33.778023,4127,65,"Kastamonu, Turkey",03:00:00,11/08/2023
40.127,116.655,462,156,"Shunyi New Town , Beijing (顺义新城)",03:00:00,11/08/2023
44.82389,9.830369,9386,63,"Lugagnano, Emilia Romagna, Italy",06:00:00,10/08/2023
65.684,-18.088,10525,4,"Strandgata, Iceland",02:00:00,11/08/2023
48.5727866,-72.10333,5425,56,"Lac-Saint-Jean, Quebec, Canada",02:00:00,11/08/2023
53.563112,49.398888,-216025,52,4-й проезд,03:24:31,11/08/2023
5.401688,100.58968,9488,51,"Kulim Hi-Tech, Kedah, Malaysia",02:00:00,11/08/2023
43.453888,-7.847812,14187,46,"Magdalena, Galicia, Spain",01:00:00,11/08/2023
41.4428,-75.6231,5906,51,"Scranton, Pennsylvania, USA",00:00:00,11/08/2023
60.004486,-111.893377,7922,12,"Fort Smith, NorthWestTerritories, Canada",00:00:00,11/08/2023
38.873891,115.464806,1458,107,Baoding (保定),02:00:00,11/08/2023
65.75865,24.53986,13865,19,"Biotuotetehdas, Kemi, Finland",02:00:00,11/08/2023
45.64741389,0.167166667,5079,42,"Angouleme Centre, PoitouCharentes, France",03:00:00,11/08/2023
41.5138,-123.9962,13165,46,"Klamath, USA",02:00:00,11/08/2023
46.9801031,-70.5565719,5444,49,"Montmagny, Quebec, Canada",03:00:00,11/08/2023
45.56498,-88.80859,5938,24,"Potawatomi, Wisconsin, USA",03:00:00,11/08/2023
44.141,52.155,-174748,67,Совет ветеранов,03:24:03,11/08/2023
49.985,82.57,-376333,105,Электротовары,03:24:15,11/08/2023
32.6963741,128.841093,2267,17,"Fukuecho, Goto, Nagasaki, Japan (五島五島市)",02:00:00,11/08/2023
41.294176,123.766485,1477,55,Benxi (本溪),02:00:00,11/08/2023
-22.44283906,-68.93254635,417,61,"Colegio Pedro Vergara Keller, Chile",00:00:00,11/08/2023
38.114666,-1.868732061,9030,81,"Caravaca Norte, Murcia, Spain",00:00:00,11/08/2023
35.73,-81.37,8886,38,"Hickory, North Carolina, USA",03:00:00,11/08/2023
47.0962,-55.7591,-400783,30,AQSU-DDCE,03:27:59,11/08/2023
52.969061,-122.494031,14109,31,"Quesnel Johnston Avenue, British Comlumbia, Canada",01:00:00,11/08/2023
12.30524,109.170494,-361594,94,AQSEA_VN_026,03:26:28,11/08/2023
-6.9903988,110.4229104,13651,153,"Semarang, Indonesia",03:00:00,11/08/2023
27.732825,85.342826,14866,84,"Shankapark, Nepal",03:15:00,11/08/2023
38.605,-28.63138889,8384,30,"Faial, Horta (Ilha do Faial), Portugal",01:00:00,11/08/2023
43.711117,-79.54344,-251533,65,AQSU-401Roadside-1,03:27:19,11/08/2023
49.8,73.089,-114505,108,Ситимол,03:24:04,11/08/2023
14.92445,-23.50927,-398944,55,"Praia, Fazenda",02:00:00,11/08/2023
-19.5839,147.4059,5125,11,Ayr,02:00:00,11/08/2023
49.180414,-102.200706,9277,21,"Oxbow, Saskatchewan, Canada",01:00:00,11/08/2023
54.91813136,39.25343156,-397537,20,46Н-05242,03:25:53,11/08/2023
36.6428,101.7775,9893,68,"城北区政府, Xining (西宁城北区政府)",02:00:00,11/08/2023
-2.21,113.92,8342,48,"Palangka Raya, Indonesia",03:00:00,11/08/2023
22.9131,112.8963,14385,91,"高明水厂,  (佛山市高明水厂)",01:00:00,11/08/2023
-36.780632,-73.115657,14746,39,"JUNJI, Chile",02:00:00,11/08/2023
-14.95801408,13.4445403,-398467,119,Campus ISPT,02:00:00,11/08/2023
7.366384,80.61755,-132322,115,FECT Akurana,03:27:23,11/08/2023
-21.9995,148.071,5763,72,Moranbah,02:00:00,11/08/2023
51.3466,-102.744225,-206665,7,AQSU-47FC,03:27:00,11/08/2023
31.0325454,76.5623046,11310,140,"Ratanpura, Rupnagar, India",21:30:00,10/08/2023
12.1348,15.0557,12880,63,"N'Djamena US Embassy, Chad",02:00:00,11/08/2023
41.9644063,12.6684397,9342,38,"Francia, Roma, Lazio, Italy",06:00:00,10/08/2023
60.87045,26.7011,9999,30,"Kankaan Koulu, Kouvola, Finland",02:00:00,11/08/2023
-11.869559,-77.068375,-408442,126,UPCH_LIM_Puent_Estad_17,03:28:03,11/08/2023
14.744791,-17.526484,13846,38,"Dakar US Embassy, Senegal",02:00:00,11/08/2023
39.785622,-104.98846,9631,37,"I-25 Globeville, Colorado, USA",02:00:00,11/08/2023
35.23393209,23.68334234,-239788,9,Paleochora,03:26:00,11/08/2023
33.9322534,133.280434,2080,61,"Hongo, Niihama, Ehime, Japan (中村新居浜市)",02:00:00,11/08/2023
30.233011,74.907758,11269,67,"Hardev Nagar, Bathinda, India",02:30:00,11/08/2023
42.661995,21.15055,8818,65,"Pristina US Consulate, Kosovo",02:00:00,11/08/2023
53.8383201,91.3126015,-177016,31,проспект Космонавтов,03:24:44,11/08/2023
-2.172331,-79.83036,-244267,52,5 de junio,03:26:26,11/08/2023
50.10654,-91.91307,-250609,19,AQSU-20FA-SLK001,03:26:48,11/08/2023
41.9419,126.4078,7289,29,"Environment protection office, Baishan (白山环保局)",02:00:00,11/08/2023
33.8883761,132.7327337,2441,63,"Taisanjicho, Matsuyama, Ehime, Japan (和気松山市)",01:00:00,11/08/2023
42.358,69.623,-174742,84,Нурсат,03:24:51,11/08/2023
46.718235,-79.10012,5453,57,"Témiscaming, Quebec, Canada",03:00:00,11/08/2023
44.89965,-97.128802,7492,57,"Watertown, South Dakota, USA",02:00:00,11/08/2023
47.878159,-95.029172,7927,20,"Red Lake Nation, Minnesota, USA",03:00:00,11/08/2023
4.262121,103.425778,2622,58,"Kemaman, Terengganu, Malaysia",02:00:00,11/08/2023
25.251013,86.989001,13815,221,"DM Office_Kachari Chowk, Bhagalpur, India",02:30:00,11/08/2023
22.969611,72.6435,12451,105,"Phase-4 GIDC, Vatva, India",02:30:00,11/08/2023
58.14888,7.99183,2642,4,"Stener Heyerdahl, Kristiansand, Norway",01:00:00,11/08/2023
61.11295,10.46487,2643,22,"Bankplassen, Lillehammer, Norway",01:00:00,11/08/2023
32.8200608,-96.8601165,204,56,"Dallas Hinton, fort Worth, Dallas, Texas",02:00:00,11/08/2023
38.795,-122.5436,13167,74,"Hidden Valley Lake, USA",02:00:00,11/08/2023
45.124,36.712,-222379,2,Приморский бульвар,03:25:26,11/08/2023
31.312111,120.66525,840,149,"Suzhou Industrial Area, Suzhou (苏州苏州工业园区)",02:00:00,11/08/2023
32.645,117.0083,7099,144,"Normal university, Huainan (淮南师范学院)",02:00:00,11/08/2023
54.9142482,24.0221896,3322,35,"Kaunas Petrašiūnai, Lithuania",01:00:00,11/08/2023
51.01628011,2.582322782,3013,48,"Houtem (veurne), Belgium",02:00:00,11/08/2023
12.632524,-8.036911,12640,65,"Bamako US Embassy, Mali",02:00:00,11/08/2023
46.8505,-111.987164,7594,51,"Ncore, Montana, USA",03:00:00,11/08/2023
45.767166,106.27489,-216544,22,Dundgobi_01(Цаг уур),03:28:04,11/08/2023
28.4569,118.0058,7803,93,"Baicaoyuan, Shangrao (上饶百草园)",02:00:00,11/08/2023
23.83560449,52.81002196,3778,75,"Al Muttahidia Girl School, Gayathi, UAE",03:00:00,11/08/2023
38.7703,-99.7636,10181,47,"Cedar Bluff, Kansas, USA",03:00:00,11/08/2023
32.645973,-115.44257,-6604,50,AYUNTAMIENTO DE MEXICALI - ESTACION 1ro DICIEMBRE,03:27:00,11/08/2023
42.229891,-122.7877,84,25,"Medford, Oregon, USA",02:00:00,11/08/2023
37.18,117.915833,10256,72,"Gaoqingtian Town, Gaoqing County (高青县高青田镇)",03:00:00,11/08/2023
55.174,61.31,-59422,23,улица Братьев Кашириных,03:22:28,11/08/2023
-8.8077875,13.2386689,-398593,121,UAN-Luanda,02:00:00,11/08/2023
24.8415,67.0091,11790,82,"Karachi US Consulate, Pakistan",02:00:00,11/08/2023
36.1344,-118.811,5365,52,"Springville-Forest Service, Tulare, California",02:00:00,11/08/2023
48.363694,-114.189272,8532,27,"Columbia Falls, Montana, USA",03:00:00,11/08/2023
55.35,36.906,-364255,60,Центральная улица,03:23:46,11/08/2023
35.038775,117.182015,10261,127,"Tengzhou New Second Middle School, Tengzhou City (滕州市滕州新二中)",03:00:00,11/08/2023
32.4069,-86.2564,7379,47,"Montg, Alabama, USA",02:00:00,11/08/2023
39.0242,-95.7114,9514,44,"KNI-Topeka, Kansas, USA",03:00:00,11/08/2023
44.3959,26.1025,-108718,61,Intrarea Smaranda,03:27:47,11/08/2023
30.7057778,76.85318056,8680,168,"Sector 6 Panchkula, Panchkula, India",02:30:00,11/08/2023
33.56916667,-112.1913889,5954,28,"Glendale, Maricopa, USA",03:00:00,11/08/2023
-23.8626,151.2705,5122,20,South Gladstone,02:00:00,11/08/2023
46.7432,82.9994,7247,55,"dōng mén wài xiǎo yóuyuán, Tacheng (塔城地区东门外小游园)",02:00:00,11/08/2023
27.8118142,-97.4657005,211,56,"Dona Park, Corpus Christi, Texas",01:00:00,11/08/2023
49.49008,105.94039,-369421,63,Darkhan_01,03:26:07,11/08/2023
48.81829,103.51873,-216547,10,bulgan_01(Цаг уур),03:27:13,11/08/2023
39.5371,75.9828,7239,74,"Patrol unit, Kashi (喀什地区巡警大队)",02:00:00,11/08/2023
23.50016,80.23284,12438,136,"Gole Bazar, Katni, India",02:30:00,11/08/2023
28.96869952,48.15145703,13586,76,"Ali-Subah Al-Salem 2, Kuwait",00:00:00,11/08/2023
43.9317,116.1042,7313,57,"Municipal Environmental Monitoring Station, Xilin Gol Meng (锡林郭勒盟市环保监测站)",02:00:00,11/08/2023
-23.61354216,-70.38331568,418,50,"Antofagasta, Chile",02:00:00,11/08/2023
30.1480566,77.2893471,11841,155,"Gobind Pura, Yamuna Nagar, India",21:30:00,10/08/2023
41.02146805,40.53090806,4128,42,"Rize, Turkey",03:00:00,11/08/2023
18.070114,-63.081481,14711,25,"Marigot, Saint-Martin, France",02:00:00,11/08/2023
32.941002,-79.656998,7546,29,"Cape Romain, South Carolina, USA",03:00:00,11/08/2023
44.6104,129.6459,3641,65,"Locomotive Factory, Mudanjiang (牡丹江机车工厂)",02:00:00,11/08/2023
25.5626095,84.663264,13874,164,"New DM Office, Arrah, India",02:30:00,11/08/2023
26.470859,74.646594,11311,159,"Civil Lines, Ajmer, India",02:30:00,11/08/2023
56.16401142,15.5889408,13991,3,"Karlskrona N Smedjegatan Ö Köpmansgatan, Sweden",02:00:00,11/08/2023
39.42689,-84.20077,7459,40,"Lebanon, Ohio, USA",03:00:00,11/08/2023
50.0488873,-110.6811172,5497,13,"Medicine Hat - Crescent Heights, Alberta, Canada",02:00:00,11/08/2023
44.736,37.8,-372694,55,Mefodiyevka,03:26:10,11/08/2023
52.288,77.007,-114532,29,Школа 41,03:24:04,11/08/2023
17.64457,105.17427,-372709,21,AQSEA_LAO_023,03:27:17,11/08/2023
15.598201,108.43753,-234301,83,AQSEA_VN_021,03:27:19,11/08/2023
12.567968,99.957479,-121969,4,ทม.หัวหิน ต.หัวหิน อ.หัวหิน จ.ประจวบคีรีขันธ์ (กอ.รมน.ประจวบคีรีขันธ์),03:00:00,11/08/2023
38.817,106.3394,4439,70,"Shahu Tourism Zone, Shizuishan (石嘴山沙湖旅游区)",02:00:00,11/08/2023
41.11575,14.77998,10932,60,"Benevento Campo Sportivo, Benevento, Campania, Italy",00:00:00,11/08/2023
31.8702534,-102.3347563,196,50,"Odessa Gonzales, Midland, Texas",01:00:00,11/08/2023
53.1325,-117.091111,5502,2,"Steeper, Alberta, Canada",01:00:00,11/08/2023
58.300875,-134.414605,-348712,12,Whittier Street,03:00:00,11/08/2023
-7.9551897,112.6119383,13647,78,"Malang, Indonesia",03:00:00,11/08/2023
54.682,30.662,-187555,10,Н2706,03:26:03,11/08/2023
47.0497,50.8038,-402937,47,Жанбай,03:24:31,11/08/2023
21.004929,107.27154,-233302,79,AQSEA_VN_017,03:25:12,11/08/2023
48.7413,44.4054,-95659,16,улица Приовражная (квартал Волта),03:25:59,11/08/2023
46.757534,33.369862,-130741,40,Street Paryzkoi komuny,03:28:44,11/08/2023
-6.168,106.796,-351493,182,Jalan Tawakal VIII,03:26:25,11/08/2023
46.6712938,11.1525179,9376,28,"Merano Meran, Bolzano Alto Adige, Italy",03:00:00,10/08/2023
37.1314,-86.1481,7411,83,"Mammoth Cave NP, Kentucky, USA",01:00:00,11/08/2023
53.629444,-8.194444,13401,22,"Roscommon Town, Ireland",02:00:00,11/08/2023
48.472645,-81.328545,-405856,34,AQSU-PHUTimmins,03:27:28,11/08/2023
19.614124,99.478223,-133006,155,อบต.ศรีถ้อย ต.ศรีถ้อย อ.แม่สรวย จ.เชียงราย (กอ.รมน. เชียงราย),03:00:00,11/08/2023
19.9775302,79.2337086,9147,144,"MIDC Khutala, Chandrapur, India",02:30:00,11/08/2023
44.3336,84.8983,4298,57,"Dushanzi District, Karamay (克拉玛依独山子区)",02:00:00,11/08/2023
45.84222,1.25967,14096,42,"Berland, France",03:00:00,11/08/2023
38.615,-7.3975,8382,41,"Terena, Alandroal, Portugal",01:00:00,11/08/2023
29.823933,121.570251,956,142,"Wanli University, Ningbo (万里学院)",01:00:00,11/08/2023
41.96451187,8.82019234,5024,36,"Ajaccio Piataniccia, France",02:00:00,11/08/2023
49.299877,21.277276,13822,38,"Pod Vinbargom, Bardejov, Slovakia",02:00:00,11/08/2023
27.8925,-82.53833333,6292,51,"USMC Reserve Center, Hillsborough, Florida, USA",04:00:00,11/08/2023
36.69426,-121.62327,3328,50,"Salinas #3, Monterey, California",02:00:00,11/08/2023
49.562487,34.078514,-44728,19,"Street Pokrovska, 14",03:27:15,11/08/2023
47.815861,31.189776,-410377,41,"Street Parkova, 5",02:48:27,11/08/2023
25.8417,98.8546,7559,70,"lú shuǐ No1 middle shcool, Nujiang (怒江州泸水一中)",02:00:00,11/08/2023
32.63888889,110.7258333,5400,99,"Liujiagou , Shiyan, Hubei (十堰刘家沟)",02:00:00,11/08/2023
25.1035,117.0216,7174,61,"Longyan City Stations, Longyan (龙岩龙岩市监测站)",02:00:00,11/08/2023
19.645324,77.6345232,8682,75,"Chandrapur, Chandrapur, India",02:30:00,11/08/2023
-22.3266084,-49.09275931,332,58,"Bauru, São Paulo, Brazil",03:00:00,11/08/2023
-26.116611,28.475417,13267,220,"Etwatwa-NAQI, City  of  Ekurhuleni, South Africa",02:00:00,11/08/2023
34.58055556,117.7352778,542,158,"Taierzhuang EPA, Zaozhuang (枣庄台儿庄环保局)",02:00:00,11/08/2023
20.42998,104.03475,-214450,22,AQSEA_LAO_004,03:27:40,11/08/2023
8.288894,-62.723473,-203737,27,Climaguayana,03:26:13,11/08/2023
-34.928853,138.600943,6444,39,Adelaide CBD,02:30:00,11/08/2023
33.86,115.484454,5844,132,"lù yì xiàn zhōngxīn yīyuàn zìdòng zhàn, Luyi county (鹿邑县鹿邑县中心医院自动站)",03:00:00,11/08/2023
20.362421,72.918013,12448,176,"Phase-1 GIDC, Vapi, India",02:30:00,11/08/2023
28.4621689,-16.26186591,6786,163,"Tome Cano, Canarias, Spain",01:00:00,11/08/2023
47.4164,-117.52982,5018,24,"Turnbull, Cheney, Washington, USA",04:00:00,11/08/2023
-13.546953,-71.88735,-404467,44,UPCH_CUS_SanJe_Coleg_1,03:26:11,11/08/2023
68.62674,-149.59428,-38101,98,Toolik Field Station,03:26:36,11/08/2023
29.6816,115.9872,3646,89,"Shili, Jiujiang (九江十里)",02:00:00,11/08/2023
31.103759,121.046456,10217,132,"Qingpu Zhujiajiao, Shanghai (青浦朱家角)",02:00:00,11/08/2023
-45.57904567,-72.04996451,5141,78,"Coyhaique II, Chile",02:00:00,11/08/2023
40.5169,-88.9975,9513,51,"Normal, Illinois, USA",03:00:00,11/08/2023
58.7084,-111.1764,5487,59,"Fort Chipewyan, Alberta, Canada",02:00:00,11/08/2023
48.42389,-123.49278,4234,42,"Colwood City Hall, British Comlumbia, Canada",02:00:00,11/08/2023
50.316,57.126,-216664,125,Рыскулова 4Г,03:24:01,11/08/2023
-23.682068,27.722012,10755,31,"Lephalale-NAQI, Waterberg, South Africa",03:00:00,11/08/2023
21.000658,101.40459,-370216,30,AQSEA_LAO_021,03:24:03,11/08/2023
39.352,20.286,-145474,24,Arillas,03:24:01,11/08/2023
46.4651,-116.237,13158,57,"Orofino, USA",01:00:00,11/08/2023
13.936804,121.78583,-398935,123,Pagbilao 2,02:00:00,11/08/2023
37.5217549,42.4548708,4092,127,"Sirnak, Turkey",02:00:00,11/08/2023
51.406846,6.965589,13859,54,"Essen-Schuir (LANUV), Germany",01:00:00,11/08/2023
37.7854715,-113.1918021,10170,29,"Iron, Utah",03:00:00,11/08/2023
37.76190465,29.37577059,14809,76,"Denizli Honaz Yaygınlaştırma, Turkey",02:00:00,11/08/2023
19.27019291,-99.59530705,396,104,"Metepec, Toluca, Mexico",01:00:00,11/08/2023
51.814,68.343,-247186,4,"Атбасар, Рыскулова",03:24:14,11/08/2023
49.89798,-97.1465,6909,19,"Winnipeg Ellen St., Manitoba, Canada",01:00:00,11/08/2023
43.56753,104.4227,-223819,55,Umnugobi_03(90 орт),03:27:24,11/08/2023
44.89325,110.14117,-216853,44,Dornogobi_01(Цаг уур),03:28:04,11/08/2023
42.8377,75.2922,-253075,116,ДосКредоБанк Токмок-1,03:24:01,11/08/2023
56.2273336,41.2947535,-344119,1,Dobrograd,03:23:27,11/08/2023
33.433575,-84.161708,3916,38,"McDonough, Georgia, USA",00:00:00,11/08/2023
16.637069,100.999594,-194275,106,รพ.เขาค้อ ต.เขาค้อ อ.เขาค้อ จ.เพชรบูรณ์,03:00:00,11/08/2023
65.04338,25.4979,4917,27,"Pyykösjärvi, Oulu, Finland",03:00:00,11/08/2023
49.16553333,9.224744444,6160,45,"Heilbronn, Germany",02:00:00,11/08/2023
3.5951956,98.6722227,8287,161,"Medan, Indonesia",03:00:00,11/08/2023
35.0375,108.0825,11118,107,"Bin County Environmental Protection Bureau, Xianyang (咸阳彬县环保局)",03:00:00,11/08/2023
17.393559,78.339194,14127,163,"Kokapet, Hyderabad, India",01:30:00,11/08/2023
26.86812,81.005119,12468,163,"Gomti Nagar, Lucknow, India",02:30:00,11/08/2023
43.62872527,0.179064274,3838,49,"Peyrusse-Vieille, France",01:00:00,11/08/2023
-29.9072,139.7369,13790,7,SA Arid Lands Moolawatana,02:00:00,11/08/2023
39.94008355,32.84989975,13912,83,"Ulus Trafik, Turkey",03:00:00,11/08/2023
46.16905489,15.66063889,12924,35,"DesiniĆ, Croatia",02:00:00,11/08/2023
46.29,44.24,-358315,7,15-я улица Южного района,03:24:40,11/08/2023
55.9,8.516,-102532,8,Vardevej,03:26:33,11/08/2023
22.316,39.092,-52087,62,IRC,03:27:40,11/08/2023
-33.491,145.5242,12393,33,Western LLS Hillston,02:00:00,11/08/2023
34.00585,71.53775,11791,50,"Peshawar US Consulate, Pakistan",02:00:00,11/08/2023
37.55652,-77.40027,5357,43,"MSIC (MathScience Innovation Center), Richmond, USA",02:00:00,11/08/2023
46.3432397,-72.5432834,5919,70,Trois-Rivières,02:00:00,11/08/2023
59.041126,-117.71024,-236839,17,AQSU-7ABA-Meander-River,03:27:28,11/08/2023
-35.105,147.359,-21379,26,DPE Wagga 1,03:28:00,11/08/2023
24.3663,109.3957,3453,89,"No.9 middle school, Liuzhou (柳州市九中)",02:00:00,11/08/2023
22.9682591,76.064118,11313,82,"Bhopal Chauraha, Dewas, India",02:30:00,11/08/2023
26.204697,50.57083,9288,114,"Manama US Embassy, Bahrain",01:00:00,11/08/2023
43.5944677,-83.8888647,5323,50,"Bay City, Michigan, USA",04:00:00,11/08/2023
35.438115,129.336917,3999,91,"Hwasan-ri, Ulju-gun, Ulsan, South Korea (화산리 울산)",02:00:00,11/08/2023
40.0005,124.354707,3476,38,Dandong (丹东),02:00:00,11/08/2023
25.5261,103.7444,14526,59,"曲靖师范学院, Qujing (曲靖曲靖师范学院)",02:00:00,11/08/2023
23.8822,100.0869,7217,63,"City EPA, Lincang (临沧市环保局)",02:00:00,11/08/2023
9.041647911,7.477374077,13449,62,"Abuja US Embassy, Nigeria",02:00:00,11/08/2023
42.80277778,-5.623611111,10812,44,"La Robla, León, Spain",01:00:00,11/08/2023
44.4572,-95.835,7340,43,"Marshall, Minnesota, USA",03:00:00,11/08/2023
-33.9381039,151.0700328,-110998,25,Robin Place,03:25:54,11/08/2023
46.8511,-95.8467,7338,23,"Detroit Lakes, Minnesota, USA",03:00:00,11/08/2023
7.901,-72.486,-339799,4,Prados 2,03:08:17,11/08/2023
43.682489,-114.371231,5312,25,"Ketchum, Idaho, USA",02:00:00,11/08/2023
5.308094,103.120392,2623,63,"Kuala Terengganu, Terengganu, Malaysia",02:00:00,11/08/2023
-41.47950692,-72.96875593,8821,61,"Mirasol, Chile",02:00:00,11/08/2023
53.851111,-9.299722,14213,17,"Castlebar, Ireland",02:00:00,11/08/2023
3.156398,101.709812,-399373,72,KLCC,02:00:00,11/08/2023
28.9026,105.4436,3622,87,"Xiaoshishang Port, Luzhou (泸州小市上码头)",02:00:00,11/08/2023
49.2261,119.7594,7303,65,"District Environmental Protection Bureau, Hulunbuir (呼伦贝尔区环保局)",02:00:00,11/08/2023
17.6599188,75.9063906,8729,64,"Solapur, Solapur, India",02:30:00,11/08/2023
57.3937,11.9142,10522,27,"Råö, Sweden",02:00:00,11/08/2023
42.953652,-9.186098,14190,39,"Cee, Galicia, Spain",01:00:00,11/08/2023
-33.8447,148.65,13768,30,Central Tablelands LLS Cowra,02:00:00,11/08/2023
-34.657988,-58.342538,8397,68,"Dock Sud 1, Acumar, Argentina",03:00:00,11/08/2023
-12.043541,-76.97175,-408133,106,UPCH_LIM_Santa_Teatr_6,03:26:45,11/08/2023
45.46090022,5.181078317,12681,51,"Plateau De Bonnevaux, France",02:00:00,11/08/2023
63.09515,21.61832,4970,8,"Vaasan keskusta, Vaasa, Finland",02:00:00,11/08/2023
30.13055556,-85.73138889,6282,24,"St. Andrews State Park, Bay, Florida, USA",03:00:00,11/08/2023
46.1972,100.7197,-254098,2,Ref_PA167,03:24:23,11/08/2023
16.911804,-89.92939,-122923,53,Santa Isabel,03:26:52,11/08/2023
34.35111111,107.3886111,3429,147,"Chencang EPA compound, Baoji (宝鸡陈仓区环保局家属楼)",03:00:00,11/08/2023
45.28692107,25.05000808,-206008,59,Grui,03:20:36,11/08/2023
-18.010744,-70.247795,-407935,76,UPCH_TAC_Cerca_DModa_1,03:27:34,11/08/2023
48.00919025,37.26215959,-74782,33,Tsentralna Street,03:25:31,11/08/2023
2.453,-76.632004,-373552,25,AireCiudadano Popayan MO fecd6e,03:28:33,11/08/2023
43.933476,5.711809,6900,58,"Observatoire De Haute-provence, PACA, France",03:00:00,11/08/2023
35.4389206,133.8445063,3385,41,"Higashiiwakicho, Kurayoshi, Tottori, Japan (倉吉保健所倉吉市)",02:00:00,11/08/2023
-32.924568,-71.515399,14734,61,"Concón, Chile",03:00:00,11/08/2023
49.669876,-103.17209,-345889,77,AQSU-E4DB,03:27:01,11/08/2023
55.0304623,73.2785016,-379705,50,улица Малунцева,03:24:43,11/08/2023
-34.213,19.213,14059,119,"Hermanus, Overberg, South Africa",02:00:00,11/08/2023
40.7378,107.3715,7307,61,"City Environmental Building, Bayannur (巴彦淖尔市环保大楼)",02:00:00,11/08/2023
18.9936162,72.8128113,11921,36,"Worli, Mumbai, India",02:30:00,11/08/2023
41.27788703,36.33809801,8744,39,"Ilkadim Hastane, Turkey",03:00:00,11/08/2023
42.97446,-81.200858,15,76,"London, Ontario, Canada",04:00:00,11/08/2023
41.23172,-80.80116,9538,47,"Youngstown - Laird Ave., Ohio, USA",03:00:00,11/08/2023
20.62960272,-103.4167725,6570,42,"Aguilas, Jalisco, Mexico",03:00:00,11/08/2023
18.0241767,101.8796319,-47809,119,รพ.ปากชม ต.ปากชม อ.ปากชม จ.เลย,03:00:00,11/08/2023
49.638718,100.16647,-369382,23,Khuvsgul_01,03:24:56,11/08/2023
49.83917,-99.92069,6911,18,"Brandon, Manitoba, Canada",01:00:00,11/08/2023
36.27582778,120.0197778,10234,78,"Jiaozhou No. 1, Jiaozhou City (胶州市胶州1号)",03:00:00,11/08/2023
40.8333,121.045,5242,53,"BDA, Jinzhou (锦州开发区)",02:00:00,11/08/2023
6.585484,3.531453,-407056,83,Ikorodu AQMRG,01:24:08,11/08/2023
36.79449086,-5.53162772,8459,103,"Prado Rey, Prado Del Rey, Spain",01:00:00,11/08/2023
39.48111111,-0.447222222,6644,55,"Quart de Poblet, Valencia, Spain",01:00:00,11/08/2023
25.063873,-77.353905,-98005,10,The Univeristy of The Bahamas Security Booth,03:26:45,11/08/2023
35.3574048,137.1756777,3694,61,"Izumiikenouecho, Toki, Gifu, Japan (土岐自動車排出ガス測定局土岐市)",02:00:00,11/08/2023
19.8389439,75.244448,9146,59,"More Chowk, Waluj, Aurangabad, India",02:30:00,11/08/2023
-4.9655024,119.6928434,13841,86,"Maros, Indonesia",03:00:00,11/08/2023
43.075371,-70.748017,7583,56,"Portsmouth, New Hampshire, USA",03:00:00,11/08/2023
53.74878,-0.341222,3181,37,"Hull Freetown, United Kingdom",01:00:00,11/08/2023
6.123953,1.212601,-104098,125,Direction de l'Environnement/MEDDPN,03:26:52,11/08/2023
57.126,24.288,-180316,60,Upmaļi,03:25:59,11/08/2023
40.6821,109.8538,3413,93,"Qīngshān bīnguǎn, Baotou (包头青山宾馆)",02:00:00,11/08/2023
42.189215,-120.353969,82,23,"Lakeview, Oregon, USA",02:00:00,11/08/2023
60.166557,-132.72392,-407701,4,AQSU-002E (Teslin),03:25:49,11/08/2023
26.83399722,80.8917361,8188,163,"Talkatora, Lucknow, India",02:30:00,11/08/2023
31.5638461,130.5549058,2208,65,"Kamoike, Kagoshima, Kagoshima, Japan (鴨池鹿児島市)",02:00:00,11/08/2023
53.0175275,11.1432543,6218,33,"Wendland, Germany",03:00:00,11/08/2023
38.6444,-75.6131,7393,49,"Seaford, Delaware, USA",03:00:00,11/08/2023
41.68773,-111.86517,-151609,45,Nibley TheSage.com roof,03:26:26,11/08/2023
42.5275,-108.7203,7586,42,"South Pass, Wyoming, USA",02:00:00,11/08/2023
40.2745,69.61,-190345,129,Ватан,03:24:12,11/08/2023
-43.01,146.94,3300,13,Judbury,03:00:00,11/08/2023
60.77631,-135.13805,-407359,3,AQSU-3082,03:26:30,11/08/2023
64.190544,-114.18244,-351793,282,AQSU-5441,03:27:30,11/08/2023
39.7472952,37.01315975,8748,52,"Sivas Istasyonkavsagi, Turkey",03:00:00,11/08/2023
-40.992,145.718,3278,13,Wynyard,03:00:00,11/08/2023
24.6928,108.054,7204,72,"City EPA station, Hechi (河池市环保站)",02:00:00,11/08/2023
44.8058074,22.966586,-230137,116,Strada Margaretei,03:25:39,11/08/2023
42.7875235,-86.1089301,13071,76,"Holland, Michigan, USA",03:00:00,11/08/2023
36.1797,-94.1167,7381,60,"Sprngdle, Arkansas, USA",01:00:00,11/08/2023
47.38443,-94.60166,9643,14,"Leech Lake Nation: Cass Lake, Minnesota, USA",03:00:00,11/08/2023
53.451214,55.9913063,-249355,47,1-й переулок,03:23:36,11/08/2023
-36.36926,146.3133,8519,80,Wangaratta,03:00:00,11/08/2023
51.30128,-117.52029,-225646,41,AQSU-96FF,03:26:16,11/08/2023
7.117855,-73.13001,-231994,67,Racimo Aire 2 - Alcaldía de Bucaramanga,03:27:46,11/08/2023
52.95473,-1.146447,3200,38,"Nottingham Centre, United Kingdom",01:00:00,11/08/2023
22.48904,120.409161,12618,109,"Kao-ping/CPC Linyuan Q1, Taiwan",02:00:00,11/08/2023
24.3403337,124.1872098,2481,42,"Maezato, Ishigaki, Okinawa, Japan (石垣石垣市)",02:00:00,11/08/2023
42.448087,19.240889,12630,56,"Podgorica UB, Montenegro",02:00:00,11/08/2023
52.22,104.306,-237565,15,улица Багратиона,03:24:56,11/08/2023
5.864467,118.091089,2605,37,"Sandakan, Sabah, Malaysia",02:00:00,11/08/2023
-30.29828,153.11811,12534,26,Bushfire Monitoring Coffs Harbour,02:00:00,11/08/2023
37.845,68.774,-209698,115,"AS, Bokhtar",03:23:59,11/08/2023
53.330425,6.276815,4567,26,"Hooge Zuidwal, Kollumerwaard",02:00:00,11/08/2023
39.15047,-123.20655,326,30,"Ukiah - Library, Mendocino, California",02:00:00,11/08/2023
67.43806,-134.88568,-351799,190,AQSU-8FFC_Ft.McPherson,03:27:40,11/08/2023
47.13,142.766,-212287,1,Зелёная улица,03:26:01,11/08/2023
-43.03,147.05,3301,55,Huonville,03:00:00,11/08/2023
36.794167,121.150556,10282,42,"Haiyang Environmental Protection Bureau, Haiyang City (海阳市海阳环保局)",03:00:00,11/08/2023
30.43972222,-84.34638889,6295,11,"Tallahassee Community College, Leon, Florida, USA",04:00:00,11/08/2023
51.579656,-3.766465,8063,46,"Port Talbot Prince Street 2, United Kingdom",02:00:00,11/08/2023
20.558094,-101.204941,6509,170,"DIF, Mexico",01:00:00,11/08/2023
0.421069,9.469289,-247984,172,TTIGE (Foyer Nzeng-Ayong),03:26:35,11/08/2023
10.947142,106.883835,-365836,46,AQSEA_VN_027,03:26:57,11/08/2023
46.0756,121.9462,7312,53,"Keyouqianqi EPA, Hinggan Meng (兴安盟科右前旗环保局)",02:00:00,11/08/2023
41.708829,44.799661,13205,78,"David Agmashenebeli Avenue 73a, Tbilisi, Georgia",02:00:00,11/08/2023
46.37375,96.261444,-217087,14,Gobi-Altai_01 (Эрүүл мэндийн газар),01:16:03,11/08/2023
48.59204847,45.72048191,-95662,8,улица Янгеля,03:23:51,11/08/2023
-1.5190466,120.1852466,13646,23,"Lore Lindu, Indonesia",03:00:00,11/08/2023
15.8444,103.3794,-48178,199,สสอ.วาปีปทุม ต.หนองแสง อ.วาปีปทุม จ.มหาสารคาม ,03:00:00,11/08/2023
27.8317,99.7056,7228,55,"Diqing station, Diqing (迪庆州迪庆州站)",02:00:00,11/08/2023
35.0147,110.9956,3530,112,"Yuncheng Middle School, Yuncheng (运城运城中学)",02:00:00,11/08/2023
62.38855362,17.30897903,9328,9,"Sundsvall Köpmansgatan, Sweden",01:00:00,11/08/2023
44.219722,-76.521111,13,42,"Kingston, Ontario, Canada",04:00:00,11/08/2023
52.36205,-126.71616,-204850,11,"AQSU- 500 HWY 20, Bella Coola BC",03:26:17,11/08/2023
-34.198,22.084,-212302,136,Thicket Drive,03:26:26,11/08/2023
40.93809077,9.497709275,-121750,11,Via Solari,03:25:20,11/08/2023
40.706707,0.5816515,6668,17,"Amposta, Catalunya, Spain",23:00:00,10/08/2023
16.402,102.848,-80491,67,Piman Chon 2,03:25:14,11/08/2023
45.23917981,19.79076505,-233422,67,Studenicka,03:25:43,11/08/2023
59.13354,9.6219,12702,39,"Knarrdalstranda, Grenland, Norway",01:00:00,11/08/2023
38.065,-84.5,7330,36,"Newtwn, Kentucky, USA",03:00:00,11/08/2023
49.03896,-79.23706,-404872,38,Beaucanton,03:26:18,11/08/2023
-32.98312,17.98497,14068,7,"Saldanha IDZ, West Coast, South Africa",01:00:00,11/08/2023
0.1927001,111.5598118,13652,74,"Sintang, Indonesia",03:00:00,11/08/2023
24.428,98.5842,7225,46,"Dehong Stations, Dehong (德宏州德宏州监测站)",02:00:00,11/08/2023
50.2391,127.5044,7277,55,"Party School, Heihe (黑河党校)",02:00:00,11/08/2023
48.9024,2.45261,3099,151,"Bobigny, Paris",00:00:00,11/08/2023
43.278,68.203,-365563,9,Туркестан 3,03:24:43,11/08/2023
-36.2225,149.1335,13774,74,South East LLS Cooma,02:00:00,11/08/2023
41.17046,29.56336,8158,55,"Istanbul Sile, Turkey",02:00:00,11/08/2023
32.64888889,-16.88305556,10520,33,"São João, Funchal, Portugal",01:00:00,11/08/2023
18.90861,-99.21167,8529,50,"Estación de Monitoreo Cuernavaca Centro, Morelos, Mexico",02:00:00,11/08/2023
9.6683052,80.0229915,-398299,45,Jaffna,02:00:00,11/08/2023
-33.763778,25.683428,10781,81,"Saltworks-NAQI, Nelson Mandela Bay Metro, South Africa",03:00:00,11/08/2023
12.007707,-61.723415,-200986,15,Egmont-SGU-GND03,03:27:10,11/08/2023
8.983398,38.71439,-230410,214,REPPIE WTE,03:27:53,11/08/2023
24.8035377,125.2879675,2486,21,"Hirara, Miyakojima, Okinawa, Japan (平良宮古島市)",01:00:00,11/08/2023
39.643,118.144,653,104,"Leidazhanzi Station, Tangshan (唐山市雷达站子站)",02:00:00,11/08/2023
31.1108,104.3539,3605,61,"Refractory Factory, Deyang (德阳耐火材料厂)",02:00:00,11/08/2023
49.8391875,18.26368917,2800,65,"Ostrava-Fifejdy, Moravskoslezsky, Czech Republic",00:00:00,11/08/2023
52.375997,16.743194,-252613,13,Rozany Zakatek,03:26:59,11/08/2023
26.27,-81.71083333,6285,37,"Laurel Oak Elementary, Collier, Florida, USA",04:00:00,11/08/2023
48.39999,-119.51896,131,17,"Colville Tribe, Omak, Washington, USA",04:00:00,11/08/2023
-31.398641,19.140214,10783,43,"Karoo-NAQI, Namakwa, South Africa",02:00:00,11/08/2023
-30.0121221,-51.1186059,-124711,21,Unidade de Saúde Costa e Silva - Porto Ar Alegre,03:25:04,11/08/2023
62.08972,-136.28635,-407992,14,AQSU-FFF9 (Carmacks),03:24:29,11/08/2023
54.228,37.632,-343618,362,улица Гагарина,03:25:46,11/08/2023
-20.7264,139.4977,5132,35,The Gap,02:00:00,11/08/2023
21.0811211,105.8180306,8688,258,"United Nations International School of Hanoi, Vietnam (Trường Quốc tế Liên Hợp Quốc Hà Nội)",03:11:47,11/08/2023
44.99,20.288,-364360,139,Павла Шашића,03:25:55,11/08/2023
37.1656835,-3.60010307,8467,119,"Palacio De Congresos, Granada, Spain",01:00:00,11/08/2023
40.3260845,-79.8836674,6426,53,"Glassport High Street, Allegheny, Pennsylvania, USA",00:00:00,11/08/2023
54.292637,-130.35242,13976,8,"Prince Rupert Fairview, British Comlumbia, Canada",02:00:00,11/08/2023
-32.9786,141.489,12391,5,Western LLS Coombah,02:00:00,11/08/2023
49.317698,-117.661527,4212,43,"Castlegar Zinio Park, British Comlumbia, Canada",01:00:00,11/08/2023
34.2572,109.06,1392,152,"Fangzhicheng, Xian (西安纺织城)",02:00:00,11/08/2023
5.298107,115.232106,2627,55,"Labuan, Wilayah Persekutuan, Malaysia",02:00:00,11/08/2023
31.23378,30.04102,13842,91,"Cairo US Embassy, Egypt",02:00:00,11/08/2023
41.12144172,37.28027031,8018,23,"Ordu Unye, Turkey",03:00:00,11/08/2023
-37.50893799,-72.65609262,14750,95,"Lautaro, Chile",02:00:00,11/08/2023
34.25238,-119.14318,264,42,"El Rio-Rio Mesa School #2, Ventura, California",02:00:00,11/08/2023
14.164821,120.96025,-219181,57,Lalaan 2 (17.5 Km from Taal volcano),03:27:23,11/08/2023
14.07375,-87.19862,-44689,18,TGU MIRAFLORES HONDURAS STEM FOUNDATION 2,03:26:45,11/08/2023
-32.1109198,115.838042,6435,8,South Lake,03:00:00,11/08/2023
37.70097,-94.03474,7582,45,"Eldospgs, Missouri, USA",03:00:00,11/08/2023
42.84370296,-2.661230557,6714,68,"Los Herran, Vitoria-Gasteiz, País Vasco, Spain",01:00:00,11/08/2023
46.0347,124.8354,3637,55,"Datong District, Daqing (大庆大同区)",02:00:00,11/08/2023
44.418,-118.9513,79,26,"John Day, Oregon, USA",02:00:00,11/08/2023
29.1389,110.48,4453,93,"Yongding District, Zhangjiajie (张家界永定新区)",02:00:00,11/08/2023
45.25315,-66.079931,8845,24,"West Side, Saint John, NewBrunswick, Canada",03:00:00,11/08/2023
-22.09546,14.260373,-409927,47,SNC UNAM,03:27:00,11/08/2023
58.96165,5.7314,2658,15,"Valand, Stavanger, Norway",01:00:00,11/08/2023
-28.47034088,-71.21882891,14741,53,"Eme M, Chile",03:00:00,11/08/2023
-32.89,-68.842,-226390,12,Avenida España,03:24:43,11/08/2023
-21.1595,149.1549,5124,19,West Mackay,02:00:00,11/08/2023
20.342398,110.198618,14324,82,"徐闻东方路,  (湛江市徐闻东方路)",01:00:00,11/08/2023
29.357104,113.128958,1535,112,Yueyang (岳阳),02:00:00,11/08/2023
46.60234,-90.65615,11750,62,"Bad River, Wisconsin, USA",18:00:00,09/08/2023
54.97627231,73.37725639,-347410,33,Lenina Street,03:26:41,11/08/2023
-26.854713,26.846664,10772,74,"Khuma, Dr Kenneth Kaunda, South Africa",03:00:00,11/08/2023
59.77909,21.37479,4928,31,"Utö, Länsi-Turunmaa, Finland",03:00:00,11/08/2023
43.0979798,-0.0394276,3831,47,"Lourdes Lapacca, France",01:00:00,11/08/2023
34.2143,-79.7673,7484,45,"Williams Middle School, South Carolina, USA",03:00:00,11/08/2023
50.69325,-116.12148,-219883,17,https://wx.edgewater.tech,03:27:49,11/08/2023
17.019275,-25.064286,-399589,23,Porto Novo Santo Antão,02:00:00,11/08/2023
-33.485703,149.06665,-405199,71,NSW DPE CA 5,03:27:57,11/08/2023
16.23674,-61.534101,11831,36,"Station Ptp Victoire, Guadeloupe, France",21:00:00,10/08/2023
11.959798,108.45224,-362689,84,AQSEA_VN_025,03:27:43,11/08/2023
15.36962396,105.1700281,-341146,73,รพ.สต. คำหว้า ต.คำหว้า อ.ตาลสุม จ.อุบลราชธานี,03:00:00,11/08/2023
56.399198,85.010998,-131173,75,Подгорная улица,03:21:57,11/08/2023
23.5404352,87.2892225,9148,91,"Sidhu Kanhu Indoor Stadium, Durgapur, India",02:30:00,11/08/2023
23.9011,106.6103,7199,53,"City Monitoring Station, Baise (百色市监测站)",02:00:00,11/08/2023
37.31641864,40.72707423,4089,66,"Mardin, Turkey",03:00:00,11/08/2023
63.29184324,18.71748738,13995,4,"Örnsköldsvik Centralesplanaden - Nygatan 24, Sweden",02:00:00,11/08/2023
53.988,27.678,-209995,136,улица 40 лет Победы,03:25:32,11/08/2023
-18.90847969,47.53750992,13448,112,"Antananarivo US Embassy, Madagascar",02:00:00,11/08/2023
38.9029263,141.5706975,9913,38,"Sasagajin, Kesennuma-shi, Miyagi-ken, Japan (気仙沼気仙沼市)",03:00:00,11/08/2023
4.6249,-74.16135,6230,165,"Kennedy, Bogota, Colombia",03:00:00,11/08/2023
4.8002513,6.9827627,-399172,94,Rivers State University Port Harcourt - CAR,02:00:00,11/08/2023
45.226,37.908,-355756,49,Свободный переулок,03:26:25,11/08/2023
41.95867,3.2129009,11759,21,"Begur, Catalunya, Spain",00:00:00,11/08/2023
16.208139,77.348417,13697,33,"Haji Colony, Raichur, India",02:30:00,11/08/2023
43.333083,-81.742889,8,74,"Grand Bend, Ontario, Canada",04:00:00,11/08/2023
46.6607,-1.43681,5002,35,"Delacroix, La Roche-sur-Yon, Loire, France",03:00:00,11/08/2023
22.944338,115.644099,14250,57,"陆丰迎仙桥,  (汕尾市陆丰迎仙桥)",01:00:00,11/08/2023
43.936771,81.324433,7912,109,Yili (伊犁哈萨克),02:00:00,11/08/2023
46.14317222,-0.396041667,5085,46,"Foret Chize Zoodyss., PoitouCharentes, France",03:00:00,11/08/2023
-0.4948232,117.1436154,8293,57,"Samarinda, Indonesia",23:00:00,10/08/2023
23.210494,77.425409,14695,87,"Paryavaran Parisar, Bhopal, India",02:30:00,11/08/2023
37.868194,32.516311,8028,74,"Karatay (Belediye), Turkey",02:00:00,11/08/2023
58.376218,21.844614,9456,31,"Vilsandi, Estonia",03:00:00,11/08/2023
-11.024019,-68.757744,-343516,148,Plaza Humbert Terrazas,03:28:03,11/08/2023
60.82245,-115.78724,-351784,161,AQSU-8CA4_19-Fir_Cres_Hay_River,03:26:42,11/08/2023
32.990833,112.528322,5808,149,"Weather Monitoring Station, Nanyang (南阳气象站)",02:00:00,11/08/2023
40.2734273,140.5731012,7573,34,"Kanezakaushiro, Ōdate-shi, Akita-ken, Japan (大館大館市)",02:00:00,11/08/2023
30.9222,117.8078,7107,117,"shì gōnglù jú, Tongling (铜陵市公路局)",02:00:00,11/08/2023
63.83764,23.1316,4952,28,"Keskusta, Pitkänsillankatu, Kokkola, Finland",02:00:00,11/08/2023
44.71969,-63.48162,8857,15,"Lake Major, Nova Scotia, Canada",02:00:00,11/08/2023
47.494318,-111.303317,7527,59,"Great Falls Overlook Park, Montana, USA",03:00:00,11/08/2023
50.36492179,45.65599322,-364726,5,улица Малышева,03:23:18,11/08/2023
-2.676583,111.626448,10490,30,"Pangkalanbun, Indonesia",03:00:00,11/08/2023
14.6755583,-60.94580556,8909,42,"Robert, Bourg, Martinique, France",01:00:00,11/08/2023
42.267002,-89.08917,11934,67,"Rockford, Illinois, USA",03:00:00,11/08/2023
47.995724,91.63353,-217114,86,Khobd_01(Цаг уур),03:28:06,11/08/2023
57.698523,16.624801,-110824,38,Narsvik,03:25:40,11/08/2023
32.7591432,-97.3423337,185,58,"Haws Athletic Center, fort Worth, Dallas, Texas",01:00:00,11/08/2023
37.48822,-120.83592,310,46,"Turlock-S Minaret Street, Stanislaus, California",00:00:00,11/08/2023
25.6635413,94.0989878,13724,93,"PWD Juction, Kohima, India",02:30:00,11/08/2023
17.4966,104.711681,-47878,104,รพ.สต.เวินพระบาท ต.เวินพระบาท อ.ท่าอุเทน จ.นครพนม,03:00:00,11/08/2023
44.1950612,17.9313568,9268,111,"Zenica Radakovo, Bosnia Herzegovina",03:00:00,11/08/2023
47.3553,-68.3211,8701,20,"Madawaska PSB, Maine, USA",02:00:00,11/08/2023
60.265038,-134.30074,-408541,2,AQSU-374A (Tagish Firehall),03:25:28,11/08/2023
-43.3830321,172.6569578,9097,61,"Kaiapoi, New Zealand",02:00:00,11/08/2023
1.0456264,104.0304535,8645,75,"Batam, Indonesia",03:00:00,11/08/2023
39.3673,112.4279,3525,137,"No.2 middle school, Shuozhou (朔州市二中)",02:00:00,11/08/2023
47.75896,-3.36935,14702,52,"Normandie, Lorient, France",02:00:00,11/08/2023
36.81931,-119.71639,274,62,"Clovis-N Villa Avenue, Fresno, California",01:00:00,11/08/2023
34.6956808,137.2792341,8332,42,"Urachō, Tahara-shi, Aichi-ken, Japan (田原市童浦小学校田原市)",02:00:00,11/08/2023
28.57736111,121.3767778,766,82,"Luqiao Tian Yang Wang, Taizhou (台州市路桥田洋王)",02:00:00,11/08/2023
23.53080873,55.48592624,3773,402,"Al Qua’a, UAE",03:00:00,11/08/2023
48.25692316,25.94882759,-351712,53,Heroiv Krut Boulevard,03:28:00,11/08/2023
19.53009444,-96.88188056,9180,19,"STPS, Xalapa, Veracruz, Mexico",02:00:00,11/08/2023
62.452084,-114.364031,42,339,"Yellowknife, NorthWestTerritories, Canada",00:00:00,11/08/2023
25.8071,113.0383,7831,68,"City Accounting Office, Chenzhou (郴州市审计局)",02:00:00,11/08/2023
59.86052128,17.6375967,12478,46,"Uppsala Dragarbrunnsgatan 23 tak, Sweden",02:19:38,11/08/2023
38.445,-0.806388889,6631,51,"Elda, Valencia, Spain",01:00:00,11/08/2023
56.231213,-121.41944,8842,9,"Peace Valley Attachie Flat Upper Terrace, British Comlumbia, Canada",01:00:00,11/08/2023
-12.74123,15.74932,-398998,198,ISCED-Huambo,02:00:00,11/08/2023
-36.78,174.74,9304,17,"Takapuna, Auckland",04:00:00,11/08/2023
47.32,-70.83,5427,51,"Laurentides, Quebec, Canada",03:00:00,11/08/2023
50.955122,-113.969742,8827,33,"Calgary Southeast, Alberta, Canada",02:00:00,11/08/2023
54.230731,-125.764354,4207,12,"Burns Lake Fire Centre, British Comlumbia, Canada",02:00:00,11/08/2023
-19.2509,146.8073,10727,29,North Ward,02:00:00,11/08/2023
37.938413,124.645669,4544,55,"Baekryeongdo, Incheon, South Korea (백령도 인천)",02:00:00,11/08/2023
47.91591095,106.8950138,2573,81,"Baruun 4 Zam, Ulaanbaatar (Баруун 4 зам)",01:00:00,11/08/2023
45.4481885,28.0533176,8583,35,"Str. Domnească, Galaţi, Romania",01:00:00,11/08/2023
49.558073,27.95694,-51097,77,"Street Stoliarchuka, 10",03:27:38,11/08/2023
22.739964,113.825633,14424,107,"沙井街道办（壆岗小学）, Shenzhen (宝安区 沙井街道)",00:00:00,11/08/2023
38.66361111,-9.157777778,8381,26,"Laranjeiro, Almada, Portugal",01:00:00,11/08/2023
47.609528,-65.633528,8849,19,"Rough Waters Drive, Bathurst, NewBrunswick, Canada",03:00:00,11/08/2023
55.154,30.266,-406987,15,вуліца Садовае Кальцо,03:25:53,11/08/2023
18.2681,109.4964,4436,53,"Hexizi Station, Sanya (三亚河西子站)",02:00:00,11/08/2023
0.3440181,109.1019761,13648,104,"Mempawah, Indonesia",03:00:00,11/08/2023
39.867691,41.275272,8732,84,"Palandoken, Turkey",03:00:00,11/08/2023
48.88135528,16.08581722,2783,37,"Kucharovice, Jihomoravsky, Czech Republic",01:00:00,11/08/2023
29.20666667,-81.0525,6310,25,"Daytona - Blind Services, Volusia, Florida, USA",04:00:00,11/08/2023
42.75261,-73.69985,-376141,78,Lights Out Norlite / Capital Region Air Justice Lab #15 (Cohoes) Info at: www.mediasanctuary.org/ajl,03:22:49,11/08/2023
47.2986,-101.7669,7362,53,"Beulah North, North Dakota, USA",03:00:00,11/08/2023
-31.4837,145.8293,12390,67,Western LLS Cobar,02:00:00,11/08/2023
51.2975,-116.966,4213,26,"Golden Helipad, British Comlumbia, Canada",02:00:00,11/08/2023
55.9033,-110.7499,10712,16,"Janvier, Alberta, Canada",02:00:00,11/08/2023
46.902172,-100.785034,-341446,67,BismarckWeather.net,03:27:17,11/08/2023
53.564411,-113.562583,5504,22,"Woodcroft, Alberta, Canada",02:00:00,11/08/2023
17.989639,-92.974892,-378292,63,Hablando al aire b537bd,03:28:21,11/08/2023
56.04242579,13.148551,12479,25,"Hallahus, Sweden",02:00:00,11/08/2023
1.562229,110.388958,2610,72,"Kuching, Sarawak, Malaysia",02:00:00,11/08/2023
68.478,28.30123,4924,23,"Raja-Jooseppi, Inari, Finland",03:00:00,11/08/2023
-29.4448,142.0568,12396,4,Western LLS Tibooburra,02:00:00,11/08/2023
49.54407778,8.465280555,6165,55,"Mannheim-Nord, Germany",02:00:00,11/08/2023
24.44583333,118.0636111,1302,78,"Gulangyu, Xiamen (厦门鼓浪屿)",02:00:00,11/08/2023
29.508301,82.093788,13593,9,"Rara, Nepal",03:15:00,11/08/2023
47.9732667,11.2196194,6038,43,"Rothenfeld, Andechs, Germany",02:00:00,11/08/2023
56.231792,-120.853895,8840,17,"Fort St John 85th Avenue, British Comlumbia, Canada",01:00:00,11/08/2023
14.479155,104.9825523,-47911,73,รพ.น้ำยืน ต.สีวิเชียร อ.น้ำยืน จ.อุบลราชธานี,03:00:00,11/08/2023
-32.27152,150.88564,-211630,63,NSW DPE PA2 AQMN 49,03:26:11,11/08/2023
25.273566,110.290195,1552,50,Guilin (桂林),02:00:00,11/08/2023
40.9306,73.0055,-224317,150,Джалал-Абад,03:24:23,11/08/2023
6.40388,5.619492,-178828,96,"Space-Earth Environment Research Laboratory, Center for Atmospheric Research, University of Benin Campus, Benin City, Nigeria.",03:27:55,11/08/2023
55.694,26.994,-342469,29,Н2112,03:26:04,11/08/2023
43.8167,125.25,1276,46,"High-tech Zone Administrative Committee, Changchun (长春高新区管委会)",02:00:00,11/08/2023
39.1175,-94.6356,7407,49,"kc, Wy, Kansas, USA",03:00:00,11/08/2023
29.2544736,-94.8612886,197,55,"Galveston 99th Street, Houston, Texas",01:00:00,11/08/2023
19.336438,98.958528,-369892,88,หน่วยป้องกันรักษาป่าที่ ชม.4 (เชียงดาว) ต.แม่นะ อ.เชียงดาว จ.เชียงใหม่,03:00:00,11/08/2023
66.894771,-162.60156,-233563,156,2nd Avenue,03:00:00,11/08/2023
46.4128987,30.722899,-252949,25,Topoleva Street,03:28:00,11/08/2023
45.468596,-98.494061,13133,33,"Aberdeen, South Dakota, USA",03:00:00,11/08/2023
15.00258995,120.7502563,-400270,100,"Quezon Rd, San Simon",02:00:00,11/08/2023
55.786,49.142,-233800,53,Volkova Street,03:26:43,11/08/2023
47.58879,-59.16297,-366673,5,AQSU-CBDD,03:27:00,11/08/2023
20.9416,107.1158,5507,38,"Ha Long, Vietnam (Tp Hạ Long)",03:00:00,11/08/2023
-30.5087,151.66235,-21382,74,DPE Armidale,03:28:06,11/08/2023
41.544106,0.82993317,10539,27,"Juneda (Pla de Molí), Catalunya, Spain",00:00:00,11/08/2023
67.275501,14.419057,12706,16,"Olav V gate, Bodo, Norway",01:00:00,11/08/2023
35.041401,-78.953102,7441,125,"W Owen Sch, North Carolina, USA",02:00:00,11/08/2023
-34.1635132,142.139374,13781,62,Mildura,03:00:00,11/08/2023
14.804101,106.83814,-370204,76,AQSEA_LAO_020,03:26:35,11/08/2023
18.98292181,48.73535156,-374926,26,Sharurah,03:24:27,11/08/2023
-7.0671881,110.44592,-397654,121,Bulusan,03:27:58,11/08/2023
47.815855,13.720737,8724,38,"Feuerkogel 3, Austria",02:00:00,11/08/2023
63.17390888,14.64108599,13972,3,"Östersund Rådhusgatan, Sweden",02:00:00,11/08/2023
-7.334811,-78.16783,-378478,19,UPCH_CAJ_SanMa_Udias_1,03:27:27,11/08/2023
30.18194444,120.2697222,729,147,"Chengxiang town, Hangzhou (杭州市城厢镇)",02:00:00,11/08/2023
56.95719404,24.0707311,-169447,33,Daugavgrīvas iela,03:26:46,11/08/2023
59.414133,24.649218,9454,29,"Õismäe, Estonia",03:00:00,11/08/2023
60.28140189,15.98909774,12727,10,"Hedemora Gussarvsgatan, Sweden",02:14:57,11/08/2023
44.528389,-72.868973,7376,56,"Underhill, Vermont, USA",03:00:00,11/08/2023
57.481308,-4.241451,10873,11,"Inverness, United Kingdom",01:00:00,11/08/2023
40.253502,-111.6632,4468,44,"Utah, Utah",03:00:00,11/08/2023
39.54588,2.69971,8269,36,"sant joan de déu, Baleares, Spain",23:00:00,10/08/2023
37.6075,108.8066667,11158,50,"Jingbian County Old Environmental Protection Bureau, Yulin (榆林靖边县老环保局)",03:00:00,11/08/2023
10.073232,76.302765,11919,87,"Udyogamandal, Eloor, India",02:30:00,11/08/2023
41.603056,-93.643056,6924,44,"Carpenter, Des Moines, Iowa, USA",02:00:00,11/08/2023
53.362,58.948,-154171,14,улица Труда,03:26:36,11/08/2023
-12.4243233,130.8933502,6442,112,Winnellie,02:30:00,11/08/2023
12.970598,77.705916,-399073,95,Chinnapanhalli,02:00:00,11/08/2023
36.31854754,30.28734692,13914,73,"Kumluca Sanayi, Turkey",03:00:00,11/08/2023
36.74311842,-3.517301422,8465,119,"Motril, Spain",01:00:00,11/08/2023
41.64555556,-4.730277778,11812,53,"Arco de ladrillo II, Valladolid, Spain",20:00:00,10/08/2023
43.746944,-101.941109,7491,37,"Badlands, South Dakota, USA",02:00:00,11/08/2023
52.02,113.548,-340753,18,улица Гагарина,03:23:33,11/08/2023
-21.33166667,55.47863889,8654,51,"Station Blvd Banks, Reunion, France",02:00:00,11/08/2023
43.3039,77.2139,-365557,326,Талгар,03:24:46,11/08/2023
-32.946,-60.652,-212941,21,San Luis,03:24:46,11/08/2023
-16.507343,-68.13978,-124645,17,Alto San Pedro,03:25:17,11/08/2023
-27.39326772,-70.29861544,10689,74,"San Fernando, Chile",02:00:00,11/08/2023
42.474671,-70.971358,3571,55,Lynn Water Treatment Plant,01:00:00,11/08/2023
52.839722,-6.9316667,13368,21,"Carlow Town, Ireland",02:00:00,11/08/2023
46.3454921,-85.9465471,5333,22,"Seney, Michigan, USA",04:00:00,11/08/2023
42.565089,-114.494717,5321,13,"Rock Creek, Idaho, USA",02:00:00,11/08/2023
55.75,48.746,-373318,46,Sportivnaya street,03:26:50,11/08/2023
29.955999,31.268999,-373081,50,CaiRRo 147464,03:28:25,11/08/2023
41.10633402,42.70524607,4055,55,"Ardahan, Turkey",03:00:00,11/08/2023
22.73681667,121.1218361,14646,57,"Hua-Tung/Taitung County/Fengli, Taiwan",02:00:00,11/08/2023
30.39416667,-87.00805556,6306,53,"Woodlawn Beach Middle School, Santa Rosa, Florida, USA",03:00:00,11/08/2023
49.080917,29.216874,-378241,57,"Urochyshche Illinetske, 1",03:28:41,11/08/2023
1.219656,111.464792,2616,56,"Sri Aman, Sarawak, Malaysia",02:00:00,11/08/2023
25.086563,55.14017,-220000,152,Dubai JBR,03:26:41,11/08/2023
44.8077,15.8664,13578,60,"BihaĆ nova četvrt, Bosnia Herzegovina",03:00:00,11/08/2023
56.468,84.952,-158917,25,Lenin Avenue,03:24:13,11/08/2023
59.12,37.97,-368725,31,Первомайская улица,03:25:50,11/08/2023
24.5886166,73.6321397,11314,120,"Ashok Nagar, Udaipur, India",02:30:00,11/08/2023
38.5339,102.1725,3849,76,"Xinchuan Court, Jinchang (金昌新川苑)",02:00:00,11/08/2023
69.65625,18.96372,2660,43,"Hansjordnesbukta, Tromso, Norway",01:00:00,11/08/2023
47.048537,-109.455315,7526,47,"Lewistown, Montana, USA",03:00:00,11/08/2023
37.458405,110.746127,11159,87,"Wubao County Government, Yulin (榆林吴堡县政府)",03:00:00,11/08/2023
27.5578,109.9972,7815,104,"jiāncè lóu, Huaihua (怀化监测楼)",02:00:00,11/08/2023
31.162833,108.387222,9239,82,"Ankang, Chongqing (重庆安康)",03:00:00,11/08/2023
6.913047,79.84807,9571,42,"Colombo US Embassy, Sri Lanka",01:30:00,11/08/2023
16.9872867,81.7363176,11303,82,"Anand Kala Kshetram, Rajamahendravaram, India",02:30:00,11/08/2023
47.04944444,6.979166667,2697,41,"Chaumont, Switzerland",02:00:00,11/08/2023
51.7188,75.3119,-402919,66,ПНЗ 3,03:24:44,11/08/2023
-8.383508,-74.53983,-409774,84,UPCH_UCA_Pucal_IVITA_22,03:27:01,11/08/2023
4.758891,115.013667,2611,57,"Limbang, Sarawak, Malaysia",02:00:00,11/08/2023
41.5462,45.0145,12472,36,"Batumi Str. 19, Rustavi, Georgia",02:00:00,11/08/2023
36.77371291,34.55790299,4050,67,"Icel, Turkey",03:00:00,11/08/2023
54.7784861,-127.168542,13975,18,"Smithers Muheim Memorial, British Comlumbia, Canada",01:00:00,11/08/2023
22.0019,100.7939,7221,50,"Jinghong City Jiangnan, Xishuangbanna (西双版纳州景洪市江南)",02:00:00,11/08/2023
15.888653,74.541751,14699,54,"Ramteerth Nagar, Belgaum, India",02:30:00,11/08/2023
41.658195,-91.503471,6920,58,"Hoover School, Iowa City, Iowa, USA",02:00:00,11/08/2023
45.2108,-93.6686,7341,31,"St. Michael, Minnesota, USA",03:00:00,11/08/2023
17.351683,-88.55405,-225001,9,The Belize Zoo,03:26:37,11/08/2023
13.008556,76.125258,13728,72,"B.Katihalli, Hassan, India",01:30:00,11/08/2023
39.942,119.537,658,61,"Contruction Plazz, Qinhuangdao (秦皇岛市建设大厦)",02:00:00,11/08/2023
23.8175497,91.2726974,14139,155,"Bardowali, Agartala, India",02:30:00,11/08/2023
52.3744,20.6936,-110554,4,Prosta,03:20:49,11/08/2023
48.80893333,9.229861111,6172,50,"Stuttgart-Bad Cannstatt, Germany",02:00:00,11/08/2023
33.4997,-86.9242,7318,65,"Wylam, Alabama, USA",03:00:00,11/08/2023
40.4316,-86.8525,7509,41,"Lafayette-Greenbush St, Indiana, USA",01:00:00,11/08/2023
40.800797,-81.372853,7458,42,"Canton, Ohio, USA",03:00:00,11/08/2023
21.6828,110.8592,4295,82,"Gaoling, Maoming (茂名高岭)",02:00:00,11/08/2023
42.4909,78.3921,-224326,4,ул.Токтогула,03:24:46,11/08/2023
47.6011,-103.2642,8889,38,"Trnp-nu, North Dakota, USA",03:00:00,11/08/2023
55.887121,37.2650671,-104428,148,46Н-04637,03:22:56,11/08/2023
45.038544,9.669349,9387,62,"Parco Montecucco, Emilia Romagna, Italy",06:00:00,10/08/2023
48.9623,4.360030556,6808,40,"Châlons-en-Champagne, Champagne Ardenne, France",00:00:00,11/08/2023
5.16425,-52.6465,10081,25,"Lycée Kourou, Guyane, France",03:00:00,11/08/2023
49.1786121,-2.0951546,-398191,42,Elizabeth Street St Saviour Jersey,02:00:00,11/08/2023
14.7829,98.594645,-198604,4,เขื่อนวชิราลงกรณ ต.ท่าขนุน อ.ทองผาภูมิ จ.กาญจนบุรี,03:00:00,11/08/2023
16.886318,-24.989064,-398386,13,"Mindelo, São Vicente",02:00:00,11/08/2023
13.1276288,78.1570122,13723,104,"Tamaka Ind. Area, Kolar, India",02:30:00,11/08/2023
25.5803419,91.8942571,14136,118,"JN Stadium, Shillong, India",02:30:00,11/08/2023
9.36399,78.831977,14129,53,"Chalai Bazaar, Ramanathapuram, India",02:30:00,11/08/2023
46.425416,-117.060445,105,26,"13th St, Clarkston, Washington, USA",04:00:00,11/08/2023
54.782,32.024,-106702,20,улица Нахимова,03:26:13,11/08/2023
22.295501,104.133739,13761,23,"Lào Cai/Trạm gần KCN Tằng Loỏng 2, Vietnam",03:00:00,11/08/2023
11.875,75.3732,12819,96,"Thavakkara, Kannur, India",02:30:00,11/08/2023
38.20374143,37.19816224,4052,90,"Kahramanmaras (Elbistan), Turkey",03:00:00,11/08/2023
40.63389,-4.01333,8253,70,"collado villalba, Madrid, Spain",01:00:00,11/08/2023
33.3311,-87.0036,7321,34,"Mcadory, Alabama, USA",03:00:00,11/08/2023
9.933692,-84.06519,-13075,17,"San Jose, Escalante",03:26:08,11/08/2023
49.052486,-76.97599,-403069,83,Lebel-sur-Quévillon,03:24:39,11/08/2023
14.979537,102.098335,1854,89,"Municipal Waste Water Pumping Station, Nakhon Ratchasima, Thailand (สถานีสูบน้ำเสีย เทศบาลนครราชสีมา)",03:00:00,11/08/2023
25.7815621,-100.1875974,6497,124,"Apodaca, Nuevo Leon, Mexico",02:00:00,11/08/2023
50.018425,-125.2844,4239,2,"Elk Falls Dogwood, British Comlumbia, Canada",00:00:00,11/08/2023
39.494,67.602,-209695,12,"AS, Panjakent",03:21:53,11/08/2023
51.212,51.349,-191878,148,ПНЗ №3,03:24:27,11/08/2023
-33.6499446,115.3446115,6439,36,Busselton,03:00:00,11/08/2023
47.3775,8.530555556,2701,49,"Zurich Kaserne, Switzerland",02:00:00,11/08/2023
34.3561,-77.8617,7544,30,"Castle H, North Carolina, USA",02:00:00,11/08/2023
34.6811,-92.3283,7380,53,"Adeq-dsr, Arkansas, USA",01:00:00,11/08/2023
39.16602,-120.14883,8350,50,"Tahoe City - 221 Fairway Drive, Placer, California",01:00:00,11/08/2023
53.336,83.69,-349525,10,Взлётная улица,03:25:24,11/08/2023
42.9409,89.191,7229,76,"City EPA, Turpan (吐鲁番地区市环保局)",02:00:00,11/08/2023
32.716835,-114.72927,-361954,53,AYUNTAMIENTO DE MEXICALI - DELEGACION LOS ALGODONES,03:26:24,11/08/2023
56.18657,-117.604994,14116,23,"Grimshaw, Alberta, Canada",02:00:00,11/08/2023
-0.8957,-89.6087,-27679,28,UNC-CH/USFQ Galapagos Science Center,03:26:23,11/08/2023
52.062,23.764,-351244,48,Карьерная улица,03:25:22,11/08/2023
47.6171136,-122.3044689,142,42,"Olive St, Seattle, Washington, USA",01:00:00,11/08/2023
44.104498,-115.972386,5302,30,"Garden Valley, Idaho, USA",02:00:00,11/08/2023
-25.877861,29.186472,10763,156,"eMalahleni - SAWS, Nkangala, South Africa",03:00:00,11/08/2023
5.4218918,95.4463322,8646,16,"Indrapuri, Indonesia",03:00:00,11/08/2023
19.1135051,73.008978,12461,76,"Mahape, Navi Mumbai, India",02:30:00,11/08/2023
23.685297,86.945968,11271,119,"Asansol Court Area, Asansol, India",02:30:00,11/08/2023
-46.1475843,168.3234664,11981,42,"Winton Winton At Essex Street, New Zealand",02:00:00,11/08/2023
36.82863,128.62621,13956,50,"Yeongju-dong, Gyeongbuk, South Korea (영주동 경북)",02:00:00,11/08/2023
36.99190372,35.32605773,13904,147,"Turhan Cemal Beriker Bulvarı, Turkey",03:00:00,11/08/2023
28.09915985,-17.12042809,6747,78,"Residencia Escolar-SS Gomera, Canarias, Spain",01:00:00,11/08/2023
48.014856,34.950205,-51091,55,"Street Molodizhna, 1",03:26:51,11/08/2023
-32.472333,151.091803,12487,47,Upper-hunter Camberwell,03:00:00,11/08/2023
27.156708,84.997761,10492,37,"Simara, Nepal",02:15:00,11/08/2023
37.574391,43.7387312,5261,60,"Hakkari, Turkey",03:00:00,11/08/2023
34.7333333,33.3333333,2945,89,"Zygi Industrial Station, Cyprus (Ζύγι - Βιομηχανικός Σταθμός)",03:00:00,11/08/2023
61.4991,23.80221,4919,29,"Kaleva, Tampere, Finland",03:00:00,11/08/2023
53.1434501,8.2145521,6212,31,"Oldenburg(verkehrsstation), Germany",03:00:00,11/08/2023
-20.78468928,-49.39827779,374,35,"São José do Rio Preto, São Paulo, Brazil",03:00:00,11/08/2023
3.177084,113.041091,2607,65,"Bintulu, Sarawak, Malaysia",02:00:00,11/08/2023
16.061944,-16.423333,-399550,27,UGB-PSU,02:00:00,11/08/2023
53.110514,-109.286842,9274,17,"Maidstone, Saskatchewan, Canada",00:00:00,11/08/2023
32.5,80.1161,7069,40,"Ngari Station, Ngari Sanai (阿里地区阿里监测站)",02:00:00,11/08/2023
41.675,-0.886944444,11994,43,"Actur, Zaragoza, Spain",02:00:00,11/08/2023
47.194147,-1.581678,14091,39,"Trentemoult, Rezé, Loire, France",03:00:00,11/08/2023
37.518636,130.7970965,5376,46,"Taeha-ri, Gyeongbuk, South Korea (태하리 경북)",03:00:00,11/08/2023
51.46411354,-0.114581027,14614,73,"Lambeth - Brixton Road, United Kingdom",02:00:00,11/08/2023
55.85917,-4.258889,6001,31,"Glasgow Kerbside, United Kingdom",01:00:00,11/08/2023
53.902016,-122.67971,-30928,18,AQSU-51B9,03:27:20,11/08/2023
39.55,8.786,-141814,9,Via Rinascita,03:25:39,11/08/2023
47.7346,-53.237,-354418,14,AQSU-E331,03:26:49,11/08/2023
55.34389,-131.65001,-233566,10,Front Street,03:00:00,11/08/2023
63.84549728,15.31973034,10521,17,"Bredkälen, Sweden",02:00:00,11/08/2023
39.27833333,-9.245555556,8377,25,"Lourinhã, Lourinhã, Portugal",01:00:00,11/08/2023
40.64144,-74.20836,3558,74,"Elizabeth Trailer, NewJersey, USA",03:00:00,11/08/2023
57.792936,-152.39839,-233749,4,Egan Way,03:00:00,11/08/2023
47.067,51.886,-217513,64,Курсай,03:24:00,11/08/2023
27.8344,114.9831,5872,102,"Feiyu, Xinyu (新余飞宇)",02:00:00,11/08/2023
53.382338,10.540524,11675,35,"Lauenburg-Murjahnstraße, Schleswig-Holstein, Germany",01:00:00,11/08/2023
45.562203,-122.575624,10153,27,"Portland Cully Helensview, Oregon, USA",02:00:00,11/08/2023
56.264,43.898,-247342,70,проспект Бусыгина,03:23:29,11/08/2023
52.20885,-88.01528,-345862,3,AQSU-Neskantaga WTP,03:27:23,11/08/2023
35.1967,-90.1911,7382,33,"Marion, Arkansas, USA",01:00:00,11/08/2023
44.3148443,-85.6023643,13072,59,"Eliza Howell- Roadway, Michigan, USA",04:00:00,11/08/2023
32.5774417,131.6838922,11549,78,"Oroshihonmachi, Nobeoka-shi, Miyazaki-ken, Japan (新延岡自排局延岡市)",00:00:00,11/08/2023
27.1725,-80.24055556,6297,52,"Stuart, Martin, Florida, USA",04:00:00,11/08/2023
45.42452625,-76.32953226,-407215,71,Galetta,03:28:53,11/08/2023
26.745635,128.1779073,3756,63,"Okinawa, Japan (国設辺戸岬酸性雨国頭郡国頭村)",02:00:00,11/08/2023
62.22864,-133.3564,-397762,22,AQSU-442E (Faro),03:27:21,11/08/2023
34.906082,-95.794128,7367,46,"McAlester, Oklahoma, USA",03:00:00,11/08/2023
43.1847,124.3897,7283,46,"jìng yuán, Siping (四平境园)",02:00:00,11/08/2023
36.71536496,37.12716055,4088,51,"Kilis, Turkey",03:00:00,11/08/2023
32.7639,116.8028,7098,129,"Panji District Government, Huainan (淮南潘集区政府)",02:00:00,11/08/2023
41.62476609,32.35655998,4117,58,"Bartin, Turkey",03:00:00,11/08/2023
23.75041255,53.74585522,3779,289,"Habshan South, UAE",03:00:00,11/08/2023
41.573734,120.450372,4345,76,Chaoyang (朝阳),02:00:00,11/08/2023
24.792403,84.992416,13808,166,"Kareemganj, Gaya, India",02:30:00,11/08/2023
12.304907,-1.497184,13844,104,"Ouagadougou US Embassy, Burkina Faso",02:00:00,11/08/2023
46.533194,-84.309917,14123,21,"Sault Ste. Marie, Ontario, Canada",04:00:00,11/08/2023
47.226,39.702,-182149,17,переулок Островского,03:26:34,11/08/2023
59.732,30.468,-344473,42,Колпинское шоссе,03:26:16,11/08/2023
-36.7784,144.300064,13046,31,Bendigo,03:00:00,11/08/2023
5.36,-4.0083,12793,68,"Abidjan US Embassy, Ivory Coast",01:00:00,11/08/2023
37.67283315,121.0662505,565,53,"Dajijia, Yantai (烟台大季家)",02:00:00,11/08/2023
-2.79510965,115.9712548,13645,28,"Kotabaru, Indonesia",03:00:00,11/08/2023
29.700278,107.373056,10443,76,"Tàijí dàdào, Chongqing (重庆太极大道)",03:00:00,11/08/2023
4.932,8.33,-399667,97,"CRUTECH,Calabar - CAR",02:00:00,11/08/2023
-44.94857127,168.8457372,11973,43,"Arrowtown, New Zealand",01:00:00,11/08/2023
23.182719,75.768218,11286,108,"Mahakaleshwar Temple, Ujjain, India",02:30:00,11/08/2023
39.192966,-106.823183,7631,52,"Aspen PM, Colorado, USA",02:00:00,11/08/2023
21.30383819,-157.8711711,5273,42,"Sand Island, Hawaii, USA",03:00:00,11/08/2023
46.606,49.2671,-402814,97,Ганюшкино,03:24:40,11/08/2023
57.1067657,32.6232938,-93349,8,Береговая улица,03:22:00,11/08/2023
7.884488,98.391283,1827,34,"Municipal Health Center 1, Phuket, Thailand (ศูนย์บริการสาธารณสุข 1 กองการแพทย์ เทศบาลนครภูเก็ต)",03:00:00,11/08/2023
50.4217,124.1303,10445,59,"Public security bureau, Daxinganling (大兴安岭地公安局)",02:00:00,11/08/2023
28.359581,79.414455,14133,82,"Civil Lines, Bareilly, India",02:30:00,11/08/2023
44.920081,2.441083,10063,55,"Aurillac Lagarde, Auvergne, France",02:00:00,11/08/2023
45.614028,-61.362122,8860,18,"Port Hawkesbury, Nova Scotia, Canada",02:00:00,11/08/2023
44.2921,-121.5555,92,134,"Sisters, Oregon, USA",02:00:00,11/08/2023
51.848,107.62,-197362,13,Комсомольская улица,03:22:23,11/08/2023
-25.5159,152.6894,14876,68,Maryborough,02:00:00,11/08/2023
44.98042222,14.12210833,5165,41,"Koromačno, Croatia",01:00:00,11/08/2023
37.176667,119.940556,10275,68,"Laizhou Municipal Government, Laizhou City (莱州市莱州市政府)",02:00:00,11/08/2023
35.067243,112.601919,5825,163,"xīn xíngzhèngqū, Jiyuan (济源新行政区)",02:00:00,11/08/2023
34.89916667,106.8511111,11105,114,"Jixian Environmental Protection Bureau, Baoji (宝鸡陇县环保局)",03:00:00,11/08/2023
-29.97039024,-71.33603825,4977,55,"Coquimbo, Chile",03:00:00,11/08/2023
42.6836392,141.6914783,2270,31,"Numanohata, Tomakomai, Hokkaido Prefecture, Japan (沼ノ端公園苫小牧市)",02:00:00,11/08/2023
37.4769,-97.3664,13145,45,"Peck, Kansas, USA",03:00:00,11/08/2023
44.657014,-111.089618,7529,25,"West Yellowstone Park Ent #2, Montana, USA",02:00:00,11/08/2023
45.1048,3.27754,8612,67,"Rageade (15), Rurale, Auvergne, France",02:00:00,11/08/2023
-32.0722349,-52.1655279,-399916,34,Rio Grande University,03:28:30,11/08/2023
48.4658,129.4942,7270,65,"Tangwanghe National Park, Yichun (伊春汤旺河国家公园)",02:00:00,11/08/2023
42.3152306,140.9737991,6468,72,"Muroran, Hokkaido Prefecture, Japan (御前水地区測定局室蘭市)",02:00:00,11/08/2023
44.283857,12.332249,9411,62,"Delta Cervia, Emilia Romagna, Italy",06:00:00,10/08/2023
39.78995,3.07413,8389,36,"torre meteorológica i, Baleares, Spain",23:00:00,10/08/2023
41.6175,-87.1992,7504,67,"Ogden Dunes, Indiana, USA",01:00:00,11/08/2023
37.36075,-118.3308,13220,34,"Bishop-White Mountain Research Center, Inyo, California",02:00:00,11/08/2023
35.3583621,136.6113394,3689,42,"Nishitogawacho, Ogaki, Gifu, Japan (大垣中央大垣市)",02:00:00,11/08/2023
51.028931,7.004976,6103,51,"Leverkusen-Manfort, Germany",01:00:00,11/08/2023
27.31013,88.59687,-254950,85,NASA_AQCS_201_cpa,03:26:10,11/08/2023
-29.934094,30.988622,11837,95,"Wentworth Reservior-NAQI, eThekwini Metro, South Africa",03:00:00,11/08/2023
20.995808,105.8088308,-347719,200,"Research Center for Environmental Monitoring and Modeling, Vietnam National University, Hanoi, Vietnam (purple air project, Vietnam)",03:00:00,11/08/2023
53.132471,26.025564,-195856,26,Lenina Street,03:25:18,11/08/2023
55.6750137,12.5693995,3317,36,"H.C.Andersens Boulevard, Copenhagen, Denmark",01:00:00,11/08/2023
51.29166667,9.774444444,10870,38,"Wald, Witzenhausen, Germany",02:00:00,11/08/2023
46.6964,-68.033096,7331,20,"Micmac, Maine, USA",03:00:00,11/08/2023
42.9288,-109.788,7541,39,"Pinedale, Wyoming, USA",02:00:00,11/08/2023
-45.254852,169.390333,11972,17,"Alexandra, New Zealand",02:00:00,11/08/2023
49.529137,-96.68012,-251248,21,AQSU-E639,03:10:56,11/08/2023
32.8797604,-117.2357507,-398059,20,Price Center,02:00:00,11/08/2023
43.223044,27.587239,10567,32,"Devnya - Izvorite, Bulgaria",00:00:00,11/08/2023
45.54301186,13.71352366,5140,46,"Koper, Slovenia",03:00:00,11/08/2023
26.90819444,-101.427,9167,57,"Jurisdicción Sanitaria, Monclova, Coahuila, Mexico",02:00:00,11/08/2023
44.476101,-73.210297,7373,56,"Burlington, Vermont, USA",03:00:00,11/08/2023
19.618158,-155.971242,13227,30,"Kailua-kona, Hawaii, USA",03:00:00,11/08/2023
21.152875,79.0517531,12444,109,"Opp GPO Civil Lines, Nagpur, India",02:30:00,11/08/2023
38.110582,140.0344325,1897,53,"Koyacho, Nagai, Yamagata, Japan (長井高野長井市)",02:00:00,11/08/2023
36.869739,126.280761,9548,65,"Taeangun-myeon, Chungnam, South Korea (이원면 충남)",02:00:00,11/08/2023
31.492525,36.058835,13583,60,"Al-Zmeileh, Amman, Jordan (محطة الزميلة)",01:00:00,11/08/2023
41.156056,27.811111,11838,61,"Tekirdag Corlu, Turkey",03:00:00,11/08/2023
10.334735,123.599164,-398011,65,Toledo 1,02:00:00,11/08/2023
47.32197,110.66209,-217465,36,Khentii_01(Цэцэрлэгт хүрээлэн),03:26:08,11/08/2023
-35.3778,140.5378,13791,4,SA Murray Darling Basin Lameroo,01:00:00,11/08/2023
-30.98178,150.2607,-340411,76,NSW DPE PA2 AQMN 36,03:27:53,11/08/2023
23.17846,112.989113,14278,93,"南海狮山,  (佛山市南海狮山)",01:00:00,11/08/2023
42.827625,74.58384,11403,80,"Bishkek US Embassy, Kyrgyzstan (Бишкек АКШ элчилиги)",02:00:00,11/08/2023
51.125286,71.46722,10497,57,"Nur-Sultan, US Embassy, Kazakhstan (Нұр-Сұлтан, АҚШ елшілігі)",02:00:00,11/08/2023
61.12536,28.45078,4947,57,"Pulp, Lappeenranta, Finland",02:00:00,11/08/2023
21.01758333,-101.2573611,10166,68,"Guanajuato Universidad Gto Sede Belen, Mexico",01:00:00,11/08/2023
-41.419,147.124,3289,76,Ti Tree Bend,03:00:00,11/08/2023
34.466073,136.8477978,2194,55,"Arashimacho, Toba, Mie, Japan (鳥羽高校鳥羽市)",01:00:00,11/08/2023
16.8256,96.1445,11784,25,"Rangoon US Embassy, Maynmar",02:30:00,11/08/2023
42.40538,1.1299304,10537,57,"Sort, Catalunya, Spain",23:00:00,10/08/2023
49.4868046,11.7855875,6051,43,"Lohe, Sulzbach-Rosenberg, Germany",02:00:00,11/08/2023
49.215267,-122.98558,-369271,31,AQSU-80BD,03:23:54,11/08/2023
-38.22161674,175.8584304,11990,25,"Tokoroa Billah Street, New Zealand",02:00:00,11/08/2023
37.28342,-79.88452,5356,16,"Herman L. Horn Elementary School, Roanoke, USA",02:00:00,11/08/2023
25.294147,121.539141,11194,59,"FugueiCape, Taiwan",03:00:00,11/08/2023
-22.11993674,-51.40877707,364,38,"Presidente Prudente, São Paulo, Brazil",03:00:00,11/08/2023
56.462383,-2.96739,5974,30,"Dundee Seagate, United Kingdom",01:00:00,11/08/2023
64.334,-21.835,10019,17,"Grund., Gröf, Iceland",02:00:00,11/08/2023
45.806357,-108.426551,9644,12,"Billlings Lockwood, Montana, USA",02:00:00,11/08/2023
-23.50242658,-47.47902991,376,28,"Sorocaba, São Paulo, Brazil",03:00:00,11/08/2023
26.855047,100.227751,7913,70,Lijiang (丽江),02:00:00,11/08/2023
12.9099161,80.1076538,12431,121,"Alandur Bus Depot, Chennai, Chennai, India",02:30:00,11/08/2023
42.55388889,18.28472189,12482,47,"Zračna luka Dubrovnik, Croatia",02:00:00,11/08/2023
40.6978,-89.5889,7395,56,"Peoria_j, Illinois, USA",03:00:00,11/08/2023
-37.2,174.86,9302,6,"Patumahoe, Auckland",04:00:00,11/08/2023
39.84318465,33.51810099,4107,100,"Kirikkale, Turkey",03:00:00,11/08/2023
40.6337738,22.9452877,12413,50,"Agia Sofia, Greece",01:00:00,11/08/2023
36.043863,14.239607,-402916,80,Gozo,03:20:00,11/08/2023
49.51421414,0.100861112,8620,37,"Ville-haute EREA Genevoix, Le Havre, France",03:00:00,11/08/2023
-8.098942,-79.03146,-21874,54,"Primavera, Trujillo, Peru",03:27:21,11/08/2023
35.5003575,139.6850703,1907,55,"Honchodori, Kanagawa, Japan (鶴見区潮田交流プラザ横浜市鶴見区)",02:00:00,11/08/2023
37.0436918,136.9534987,2127,30,"Kojimamachi, Nanao, Ishikawa, Japan (七尾七尾市)",02:00:00,11/08/2023
19.03028754,101.8293633,-410302,139,ลาว 5 (PurpleAir),03:00:00,11/08/2023
39.2282,106.7704,4441,151,"Huinong South Street, Shizuishan (石嘴山惠农南大街)",01:00:00,11/08/2023
31.62,74.876512,11321,156,"Golden Temple, Amritsar, India",01:30:00,11/08/2023
46.396,48.102,-358447,20,1-й Трудовой переулок,03:26:27,11/08/2023
-3.5186763,102.5359834,13644,86,"Bengkulu, Indonesia",03:00:00,11/08/2023
27.103358,93.679645,13802,73,"Naharlagun, Naharlagun, India",02:30:00,11/08/2023
33.7235,73.11822,11739,82,"Islamabad US Embassy, Pakistan",02:00:00,11/08/2023
49.7451,4.719219444,6813,46,"Charleville-Mézières, Champagne Ardenne, France",00:00:00,11/08/2023
44.087397,-103.273777,7488,99,"Credit Union, South Dakota, USA",02:00:00,11/08/2023
65.53496,72.51644,-135472,3,Nadym city center,03:27:34,11/08/2023
40.61004112,-97.86878944,-359473,13,Grandview Street,03:25:48,11/08/2023
-33.927546,18.482759,14067,80,"Maitland, None, South Africa",03:00:00,11/08/2023
39.74341005,39.49515907,4059,109,"Erzincan, Turkey",03:00:00,11/08/2023
38.42037254,27.46129205,14853,96,"Kemalpaşa (yeni), Turkey",03:00:00,11/08/2023
39.3900115,141.1158842,1879,25,"Kajomachi, Hanamaki, Iwate, Japan (花城花巻市)",02:00:00,11/08/2023
13.915147,100.524006,-81919,121,สี่แยกสหกรณ์ 3 (ถนนเลี่ยงเมือง) ต.บางพูด อ.ปากเกร็ด จ.นนทบุรี (ทน.ปากเกร็ด),03:00:00,11/08/2023
26.9502929,75.730943,11304,158,"Shastri Nagar, Jaipur, India",02:30:00,11/08/2023
7.884746,-76.635689,-376687,38,Waira S29 Apartado 6d48e4,03:29:05,11/08/2023
-32.2196,148.5777,10719,13,Central West LLS Dubbo,02:00:00,11/08/2023
-41.238,146.42,10725,55,Latrobe,03:00:00,11/08/2023
29.67416425,-95.33750105,-398503,127,HFD Station 35,02:00:00,11/08/2023
34.16119,77.580574,-216862,26,NASA_AQCS_119,03:27:35,11/08/2023
53.20058691,44.9977358,-245032,40,ulitsa Suvorova,03:17:17,11/08/2023
46.8267,130.3961,7272,72,"Power plant, Jiamusi (佳木斯发电厂)",02:00:00,11/08/2023
45.99666,-77.44128,-340009,64,AQSU-Petawawa-1,03:26:45,11/08/2023
50.052,72.942,-114523,55,Темиртау (СШ 16),03:24:01,11/08/2023
-27.7708,153.03,13800,37,North Maclean,02:00:00,11/08/2023
58.370596,26.734879,9455,24,"Tartu, Estonia",03:00:00,11/08/2023
39.56,-1.282777778,6642,37,"Caudete de las Fuentes, Valencia, Spain",01:00:00,11/08/2023
35.5294,106.7039,7147,93,"bówùguǎn, Pingliang (平凉博物馆)",02:00:00,11/08/2023
24.9624,102.625,1379,45,"Xishan Forest Park, Kunming (昆明西山森林公园)",02:00:00,11/08/2023
60.37408,5.34042,2629,15,"Danmarksplass, Bergen, Norway",01:00:00,11/08/2023
50.37167,-4.142361,3202,42,"Plymouth Centre, United Kingdom",01:00:00,11/08/2023
32.509789,-92.04605,6517,18,"Monroe Airport site, Louisiana, USA",02:00:00,11/08/2023
35.61975,-106.07968,6281,41,"Santa Fe Airport, New Mexico, USA",01:00:00,11/08/2023
57.012,40.984,-196681,62,улица Андрианова,03:24:58,11/08/2023
51.3632,-55.587,-400951,18,AQSU-68F9,03:26:08,11/08/2023
24.632203,121.792928,1650,46,"Dongshan, Taiwan (冬山)",03:00:00,11/08/2023
41.18222,-104.778336,9526,40,"Cheyenne NCore, Wyoming, USA",02:00:00,11/08/2023
43.07378,-89.43595,5933,56,"Madison-east, Wisconsin, USA",03:00:00,11/08/2023
53.285833,-6.131944,13380,40,"Dun Laoghaire, Ireland",01:00:00,11/08/2023
41.2474,-95.9731,7363,42,"Ncore, Nebraska, USA",03:00:00,11/08/2023
44.621,-124.046,-398251,31,Gladys Valley Bldg,02:00:00,11/08/2023
9.126017,99.325145,1826,53,"Regional Environmental Office 14, Surat Thani, Thailand (สำนักงานสิ่งแวดล้อมภาคที่ 14)",03:00:00,11/08/2023
0.3579283,32.5843603,-398554,153,Kyebando - KLA,02:00:00,11/08/2023
45.071717,-64.479792,8854,17,"Kentville, Nova Scotia, Canada",02:00:00,11/08/2023
52.832459,-119.269821,4249,5,"Valemount Firehall, British Comlumbia, Canada",02:00:00,11/08/2023
47.47228,101.46247,-369397,14,Arkhangai,03:27:41,11/08/2023
35.2046731,132.4994755,2475,42,"Nagahisacho Nagahisa, Oda, Shimane, Japan (大田一般環境大気測定局大田市)",02:00:00,11/08/2023
37.887291,34.553902,14834,61,"Bor, Turkey",03:00:00,11/08/2023
37.988028,23.727628,12414,50,"Aristotelous, Greece",03:00:00,11/08/2023
54.031129,19.03278,6568,34,"Malbork, Poland",01:00:00,11/08/2023
-37.07761981,-73.1541365,14754,70,"Lota urbana, Chile",02:00:00,11/08/2023
32.329111,-90.182722,7432,37,"Jackson NCORE, Mississippi, USA",03:00:00,11/08/2023
26.0696153,-97.1621996,220,55,"Isla Blanca Park, Harlingen, Texas",01:00:00,11/08/2023
42.82231,-106.36501,11933,37,"Casper Gaseous, Wyoming, USA",02:00:00,11/08/2023
16.5150833,80.5181667,11280,72,"Secretariat, Amaravati, India",02:30:00,11/08/2023
5.54,-73.632004,-373075,52,Asoalfra Raquira 1 9d5190,03:29:03,11/08/2023
43.123704,-94.693518,6919,53,"Emmetsburg, Iowa, USA",02:00:00,11/08/2023
-1.936231,30.077951,13853,95,"Kigali US Embassy, Rwanda",02:00:00,11/08/2023
47.8664611,107.1180194,8601,48,"Urgakh Naran, Ulaanbaatar (Ургах наран)",01:00:00,11/08/2023
18.239603,-66.06484,-84784,3,"Hacienda San Jose, Caguas PR",03:25:07,11/08/2023
31.7467425,-106.4027843,207,68,"Ascarate Park SE, El Paso, Texas",02:00:00,11/08/2023
-39.6778,175.80084,14877,17,"Taihape Air Quality At Taihape, New Zealand",02:00:00,11/08/2023
32.72683,-103.12298,6279,61,"Hobbs Jefferson, New Mexico, USA",01:00:00,11/08/2023
33.2013721,130.5927305,7983,57,"Tachibanamachi Tanigawa, Yame-shi, Fukuoka-ken, Japan (八女八女市)",03:00:00,11/08/2023
38.27904,26.2341,14856,41,"Çeşme, Turkey",03:00:00,11/08/2023
10.2680076,-61.4670484,13838,29,"San Fernando, Trinidad and Tobago",02:00:00,11/08/2023
49.54757987,25.60879909,-348823,57,Divochyi Lane,03:28:00,11/08/2023
-23.5208,148.165,14869,38,Emerald,02:00:00,11/08/2023
28.4227,77.0667,12816,215,"Sector-51, Gurugram, India",02:30:00,11/08/2023
30.826055,35.979745,13584,71,"AlHasa, Tafeeleh, Jordan (محطة الحسا)",02:00:00,11/08/2023
35.6322,-83.9422,7537,37,"Look Rock - GSMNP, Tennessee, USA",03:00:00,11/08/2023
50.916932,-0.449548,3216,37,"Storrington Roadside, United Kingdom",01:00:00,11/08/2023
52.86978383,-8.760196567,-207286,239,Tulla ED,03:25:21,11/08/2023
27.599444,-99.533333,199,56,"World Trade Bridge, Laredo, Texas",01:00:00,11/08/2023
32.255833,-107.72266,6276,7,"Deming Airport, New Mexico, USA",01:00:00,11/08/2023
32.146984,114.091023,5813,114,"shenjiju, Shīhé district, Xinyang (信阳浉河区市酿酒公司)",02:00:00,11/08/2023
49.244152,-123.142456,-6331,32,AQSU-D363,03:26:31,11/08/2023
8.99067,7.383702,-154570,93,"Space Environment Research Laboratory, Center for Atmospheric Research, Abuja, Nigeria.",00:53:13,11/08/2023
46.842297,-114.020549,7520,35,"Missoula Boyd Park, Montana, USA",03:00:00,11/08/2023
51.92139,4.40139,5285,64,"Alphons Arienstraat, Schiedam",02:00:00,11/08/2023
40.57055556,-6.2225,11806,48,"El Maillo, Salamanca, Spain",01:00:00,11/08/2023
14.544388,-90.74259,-43834,86,Antigua Terrace,03:26:40,11/08/2023
33.2190564,-97.1962872,205,61,"Denton Airport South, fort Worth, Dallas, Texas",01:00:00,11/08/2023
47.7222,128.8736,7268,42,"Central Hospital, Yichun (伊春中心医院)",02:00:00,11/08/2023
60.53002,27.6754,4933,30,"Virolahti 2, Virolahti, Finland",03:00:00,11/08/2023
65.279676,-126.812887,41,12,"Norman Wells, NorthWestTerritories, Canada",00:00:00,11/08/2023
40.8989,72.9109,-190297,95,с.Сузак,03:24:28,11/08/2023
12.73518333,101.13565,1821,61,"Field Crop Research Center, Rayong, Thailand (ศูนย์วิจัยพืชไร่ระยอง)",03:00:00,11/08/2023
37.7805,112.488,1246,142,"Jinsheng, Taiyuan (太原金胜)",02:00:00,11/08/2023
40.85419,14.25133,10933,63,"Museo Nazionale, Napoli, Campania, Italy",00:00:00,11/08/2023
-33.34962693,-70.72379261,438,53,"Quilicura, Chile",02:00:00,11/08/2023
54.0163,-124.0061,4248,43,"Vanderhoof, British Comlumbia, Canada",02:00:00,11/08/2023
3.461,-76.512,-373714,67,Calle 36A,03:29:05,11/08/2023
43.83843,-66.11019,-343966,60,AQSU-B394,03:26:11,11/08/2023
-34.5348,144.8291,10721,4,Riverina LLS Hay,02:00:00,11/08/2023
43.9947,-92.4497,7343,50,"Rochester, Minnesota, USA",03:00:00,11/08/2023
11.574481,104.919807,-243895,8,Street 96,03:26:28,11/08/2023
56.88,60.616,-407467,17,проспект Космонавтов,03:26:22,11/08/2023
52.788,41.368,-227467,106,Октябрьский район,03:25:11,11/08/2023
51.351281,25.850776,-247483,500,"mikroraion Peremohy, 8",02:03:33,11/08/2023
20.9360711,85.1707021,11288,78,"Talcher Coalfields, Talcher, India",23:30:00,10/08/2023
-35.0238227,117.8847286,6440,6,Albany,03:00:00,11/08/2023
28.454027,108.985,9252,43,"Xiushan County High School, Chongqing (重庆秀山县高级中学)",03:00:00,11/08/2023
36.90118,-76.43808,5354,41,"Tidewater Community College, Hampton Roads, USA",02:00:00,11/08/2023
33.58553,-101.78698,9152,30,"Lubbock 12th Street, Lubbock, Texas",01:00:00,11/08/2023
42.5339,72.2133,-347335,60,Кок-ой,03:24:31,11/08/2023
-35.1202,142.004,12415,4,Mallee CMA Walpeup,22:00:00,10/08/2023
26.6611,119.5392,7179,95,"Ningde Stations, Ningde (宁德宁德市监测站)",02:00:00,11/08/2023
25.4547,78.6039,13877,146,"Shivaji Nagar, Jhansi, India",02:30:00,11/08/2023
40.198456,44.477913,-230086,77,AQI Near Tumo Center by FRANKYANTS.ORG,03:26:28,11/08/2023
-22.80191714,-45.19112236,12508,42,"Guaratinguetá, São Paulo, Brazil",03:00:00,11/08/2023
30.2632079,-97.7128831,224,65,"Austin Webberville Rd, Austin, Texas",01:00:00,11/08/2023
44.373786,-100.287269,8359,12,"Pierre, South Dakota, USA",02:00:00,11/08/2023
38.2492542,138.4156104,3795,95,"Seki, Sado, Niigata, Japan (国設佐渡関岬酸性雨佐渡市)",02:00:00,11/08/2023
32.090457,-81.130378,3920,21,"Lathrop, Georgia, USA",00:00:00,11/08/2023
38.088902,-88.625,9525,30,"Knight_p, Illinois, USA",03:00:00,11/08/2023
48.96925,89.96492,-222457,33,bayan-Ulgii_01(Цаг уур),03:27:40,11/08/2023
48.509049,29.227308,-367663,21,"Street Soborna, 77",03:27:17,11/08/2023
40.66755498,35.83554121,4115,59,"Amasya, Turkey",03:00:00,11/08/2023
6.2372341,-75.610466,12627,93,"Belén, Medellín, Colombia",02:00:00,11/08/2023
38.4592,-82.6339,7328,35,"Fivco, Kentucky, USA",03:00:00,11/08/2023
42.142889,24.765239,10564,31,"Plovdiv - Kamenitsa, Bulgaria",00:00:00,11/08/2023
7.614396,100.113766,13625,65,"Mueang Kong, Chiang Dao, Chiang Mai, Thailand (ต.เมืองคอง อ.เชียงดาว จ.เชียงใหม่)",03:00:00,11/08/2023
48.6797096,17.3605467,3137,46,"Hviezdoslavova, Senica, Slovakia",02:00:00,11/08/2023
42.210265,-8.736512,14189,38,"Estación 1, Este, Galicia, Spain",01:00:00,11/08/2023
44.61,44.078,-191194,16,сельское поселение Село Архангельское,03:24:21,11/08/2023
54.56806933,36.2713031,-251626,10,бульвар Энтузиастов,03:25:13,11/08/2023
-0.36948415,109.5123558,13655,159,"Supadio, Indonesia",03:00:00,11/08/2023
-40.58447867,-73.11871982,428,72,"Osorno, Chile",02:00:00,11/08/2023
-1.23437,36.81732,13818,100,"Nairobi US Embassy, Kenya",01:00:00,11/08/2023
8.8787,76.6073,12891,128,"Polayathode, Kollam, India",02:30:00,11/08/2023
-23.54484566,-46.62767559,359,117,"Parque D.Pedro II, São Paulo, Brazil",03:00:00,11/08/2023
43.21285724,-3.134461259,6742,61,"Zalla, País Vasco, Spain",01:00:00,11/08/2023
56.114,40.35,-341071,67,улица Разина,03:25:29,11/08/2023
51.49611,-107.0625,-46504,32,AQSU-3317,03:27:55,11/08/2023
-30.8517,143.0742,12397,1,Western LLS White Cliffs,20:00:00,10/08/2023
48.44553199,0.110833528,4605,34,"Alençon Météo-France, France",03:00:00,11/08/2023
53.6824,-112.8681,5486,28,"Elk Island, Alberta, Canada",01:00:00,11/08/2023
52.798,27.544,-206764,29,Коммунальная улица,03:25:36,11/08/2023
44.2807,23.8521,-189316,65,Strada Mesteacănului,00:45:10,11/08/2023
6.546205,101.283137,1866,57,"White Elephant Park, Yala, Thailand (สนามโรงพิธีช้างเผือก ยะลา)",03:00:00,11/08/2023
33.503056,119.141111,887,137,"Chuzhou Monitoring Station, Huai'an (淮安楚州区监测站)",02:00:00,11/08/2023
40.97645053,27.51273126,4157,150,"Tekirdag, Turkey",03:00:00,11/08/2023
-35.96911508,-72.31681824,14729,87,"Cauquenes Sivica, Chile",02:00:00,11/08/2023
21.29586111,-100.5233056,10164,67,"San Luis De La Paz Presidencia Municipal, Mexico",01:00:00,11/08/2023
10.942811,108.19277,-365935,80,AQSEA_VN_035,03:27:27,11/08/2023
29.33972,104.7228,9877,119,"青杠林路, Zigong (自贡青杠林路)",02:00:00,11/08/2023
44.373056,-110.830833,12867,34,"Yellowstone- Old Faithful Snow Lodge, Wyoming, USA",01:00:00,11/08/2023
23.1932,113.3007,14370,114,"白云山,  (广州市白云山)",01:00:00,11/08/2023
28.71583,104.5761,3615,117,"Huangjinzui, Yibin (宜宾黄金嘴)",02:00:00,11/08/2023
31.3492,-109.539683,8390,58,"Douglas Red Cross, Arizona, USA",02:00:00,11/08/2023
58.702457,-118.68943,-236854,43,AQSU-7FC7_Chateh,03:26:07,11/08/2023
40.9923,113.1306,7308,152,"Jining District, Ulanqab (乌兰察布集宁新区)",02:00:00,11/08/2023
43.0160229,144.3651532,8327,21,"Showacho, Kushiro, Hokkaido Prefecture, Japan (昭和小学校釧路市)",02:00:00,11/08/2023
45.751914,21.216161,-110314,155,Calea Șagului,03:28:52,11/08/2023
49.18351481,16.39075193,-244441,180,Trávníky,03:25:46,11/08/2023
28.632775,-106.0388669,13292,50,"SUR, CHIH1, Chihuahua -Estatal, Mexico",00:00:00,11/08/2023
-29.55741944,31.12006389,14060,2,"Hambanathi Tongaat, eThekwini Metro, South Africa",03:00:00,11/08/2023
49.9180081,1.073972133,10088,53,"Dieppe, avenue Gambetta, Trafic, France",02:00:00,11/08/2023
-22.56360378,-47.41431403,10701,70,"Limeira, São Paulo, Brazil",03:00:00,11/08/2023
36.2975,-86.6525,7500,23,"Hville, Tennessee, USA",03:00:00,11/08/2023
28.013044,120.675116,736,97,"City Station, Wenzhou (温州市市站)",02:00:00,11/08/2023
26.5689,106.6971,1369,89,"City EPA station, Guiyang (贵阳市环保站)",02:00:00,11/08/2023
39.746,98.509,7148,58,"cāng mén jiē zi zhàn, Jiuquan (酒泉仓门街子站)",02:00:00,11/08/2023
40.386993,49.842945,13845,91,"Baku US Embassy, Azerbaijan",02:00:00,11/08/2023
40.693298,-92.006104,6914,46,"Lake Sugema, Iowa, USA",02:00:00,11/08/2023
-11.752116,19.912623,-398041,176,ISPT - Moxico,02:00:00,11/08/2023
-3.090947,-60.05434,-150499,63,MPAM_MAO_CAOMAPHURB01,03:28:04,11/08/2023
4.200344,100.663358,2597,55,"Seri Manjung, Perak, Malaysia",02:00:00,11/08/2023
32.4285,105.8624,7046,61,"Monitoring station, Guangyuan (广元监测站)",02:00:00,11/08/2023
31.4846,92.0657,7067,55,"Nagqu Stations, Nagqu (那曲地区那曲监测站)",02:00:00,11/08/2023
47.3636,123.9305,3631,42,"Anju Compound, Qiqihaer (齐齐哈尔安居小区)",02:00:00,11/08/2023
67.97328,24.11559,4929,28,"Sammaltunturi, Muonio, Finland",03:00:00,11/08/2023
33.436111,-94.07778,9153,48,"Texarkana New Boston, Bowie, Texas",01:00:00,11/08/2023
34.243889,-113.558611,8392,13,"Alamo Lake, Arizona, USA",02:00:00,11/08/2023
64.84593056,-147.6932778,12870,194,"Hamilton Acres Baptist School, Alaska",01:00:00,11/08/2023
-30.0359,148.1231,12387,4,North West LLS Walgett,02:00:00,11/08/2023
16.175278,-22.915028,-398797,26,"Sal Rei, Boa Vista",02:00:00,11/08/2023
58.0076057,56.31285648,-156052,26,улица Старцева,03:26:10,11/08/2023
60.79646,11.09777,8229,17,"Vangsveien Hamar, Hamar, Norway",01:00:00,11/08/2023
56.194,95.716,-248230,19,Озёрный переулок,03:17:56,11/08/2023
32.1660118,34.82199397,-116782,93,Running track,03:28:54,11/08/2023
63.410491,10.444352,13460,23,"Omkjoringsvegen, Trondheim, Norway",01:00:00,11/08/2023
68.79222701,16.53742346,12701,23,"Seljestad Rv83, Harstad, Norway",01:00:00,11/08/2023
-30.749,121.466,10147,3,Kalgoorlie,03:00:00,11/08/2023
50.67477,-120.334016,4211,19,"Kamloops Federal Building, British Comlumbia, Canada",02:00:00,11/08/2023
9.779779,98.594399,-138613,61,อาคารร้อยอาวุธเบาที่ 2 ร.25 พัน.2 จ.ระนอง (กอ.รมน.ภาค 4 สย.1),03:00:00,11/08/2023
46.49039,108.380165,-220216,62,Gobisumber_05 (Цаг уур),03:27:59,11/08/2023
44.868,40.6,-356428,47,Sadovaya Street,02:43:19,11/08/2023
33.7397,-81.8536,7483,34,"Trenton, South Carolina, USA",03:00:00,11/08/2023
25.294537,51.48621,-202222,159,Al Rayyan,03:26:53,11/08/2023
55.04,82.918,-377965,10,Красный проспект,03:25:36,11/08/2023
13.998599,107.996482,13012,28,"Gia Lai/phường Thống Nhất - Pleiku, Vietnam",03:00:00,11/08/2023
35.429444,116.920833,10320,119,"Zoucheng Development Zone, Zoucheng (邹城市邹城开发区)",03:00:00,11/08/2023
23.796373,90.424614,8781,161,"Dhaka US Consulate, Bangladesh",02:00:00,11/08/2023
40.086941,-108.761002,7632,82,"Rangely, CO, Colorado, USA",01:00:00,11/08/2023
6.726802,-1.657588,-398860,80,"County Hospital, Abrepo, Kumasi [Ghana AQ Project]",02:00:00,11/08/2023
33.739,113.292,4334,151,"City Planning Design Institute, Pingdingshan (平顶山规划设计院)",02:00:00,11/08/2023
51.95,-114.7,5479,34,"Caroline, Alberta, Canada",02:00:00,11/08/2023
47.645,53.3322,-401917,38,Макат,03:24:04,11/08/2023
47.6814,23.48287,-213115,67,Tăuții-Măgherăuș,03:25:20,11/08/2023
37.8694,113.5689,3470,152,"Píngtǎn, Yangquan (阳泉平坦)",02:00:00,11/08/2023
37.0014588,35.31250075,4044,147,"Adana (Valilik), Turkey",03:00:00,11/08/2023
46.770959,23.555549,-109744,46,Strada Ștefan Mora,03:23:29,11/08/2023
45.14911389,18.02345,8429,43,"Slavonski Brod-2, Croatia",01:00:00,11/08/2023
48.9340188,21.91053,3126,61,"Nam. slobody, Humenne, Slovakia",02:00:00,11/08/2023
57.134195,-2.093968,5968,23,"Aberdeen Wellington Road, United Kingdom",00:00:00,11/08/2023
34.79166667,111.1858333,11029,157,"shì yī xiǎo, Sanmenxia (三门峡市一小)",02:00:00,11/08/2023
45.5828,84.8897,4433,89,"South Forestry Community, Karamay (克拉玛依南林小区)",02:00:00,11/08/2023
45.0229,-92.88454,-238450,29,Lake Elmo Avenue North,03:22:02,11/08/2023
43.0362741,141.4655651,4983,30,"Atsubetsuchuo 2 Jo, Hokkaido Prefecture, Japan (厚別札幌市厚別区)",03:00:00,11/08/2023
44.2967,86.0497,7250,61,"àiqīng shīgē guǎn, Shihezi (石河子艾青诗歌馆)",02:00:00,11/08/2023
41.312508,-72.94151,-252634,85,Healthy Dwight AQM 2 http://gddcnh.org/,03:27:37,11/08/2023
43.01724,-87.93369,5934,63,"Milw 16th  St, Wisconsin, USA",03:00:00,11/08/2023
32.380816,-111.127157,5962,25,"Coachline, Pima County, USA",03:00:00,11/08/2023
-12.761174,45.226197,14718,72,"Kawéni Nord, Mayotte, France",01:00:00,11/08/2023
-0.8634105,131.2544805,13654,48,"Sorong, Indonesia",03:00:00,11/08/2023
13.4127,80.1081,13807,147,"Anthoni Pillai Nagar, Gummidipoondi, India",02:30:00,11/08/2023
12.88925,74.853,13718,72,"Kadri, Mangalore, India",01:30:00,11/08/2023
48.379389,-89.290167,32,25,"Thunder Bay, Ontario, Canada",04:00:00,11/08/2023
19.84058333,-98.98133333,9185,89,"Biblioteca, Tizayuca, Hidalgo, Mexico",02:00:00,11/08/2023
44.618,33.604,-379015,40,Менжинского улица,03:24:43,11/08/2023
-35.073352,138.864943,14873,113,Mt Barker (Wood Smoke Program),02:30:00,11/08/2023
34.885971,127.50903,4028,54,"Soonchunman, Suncheon-si, Jeonnam, South Korea (순천만 전남)",02:00:00,11/08/2023
-53.15829549,-70.92149748,4981,30,"Punta Arenas, Chile",03:00:00,11/08/2023
14.614217,-61.053119,5006,17,"Renéville, Martinique, France",02:00:00,11/08/2023
33.750833,-90.734167,10177,35,"Cleveland, Mississippi, USA",03:00:00,11/08/2023
47.56038,-52.71147,5736,22,"St. John's, NewFoundland, Canada",00:30:00,11/08/2023
-29.138507,26.241952,11731,177,"Pelonomi-NAQI, Mangaung  Metro, South Africa",03:00:00,11/08/2023
36.7558,3.039114,11732,63,"Algiers US Embassy, Algeria",02:00:00,11/08/2023
-31.88927831,-70.62931177,14738,6,"Cuncumen , Chile",02:00:00,11/08/2023
4.93785,-52.3209,8137,18,"Cayenne Caiena 3, Guyane, France",03:00:00,11/08/2023
46.49194,-81.003105,31,30,"Sudbury, Ontario, Canada",04:00:00,11/08/2023
21.47817778,-104.8677417,9165,30,"Tecnológico de Tepic, Tepic, Nayarit, Mexico",00:00:00,11/08/2023
45.828968,-119.262991,14688,27,"Hermiston Municipal Airport, Oregon, USA",02:00:00,11/08/2023
29.5822,105.0406,5693,91,"nèijiāng rìbào shè, Neijiang (内江内江日报社)",02:00:00,11/08/2023
46.01111111,8.957222222,2689,72,"Lugano Universita, Switzerland",02:00:00,11/08/2023
47.91,67.5296,-365551,28,Сатпаев,03:24:57,11/08/2023
-15.743558,-47.886276,-254254,8,Parque Olhos d'água,03:27:38,11/08/2023
23.4168,103.386,7557,46,"Monitoring station, Honghe (红河州监测站)",02:00:00,11/08/2023
49.04516095,24.34434906,-373708,162,Bohdana Khmelnytskoho Street,03:28:00,11/08/2023
53.819972,-1.576361,3185,59,"Leeds Headingley Kerbside, United Kingdom",01:00:00,11/08/2023
47.61361,-57.6225,-364750,35,AQSU-CB47,03:27:13,11/08/2023
54.7686,-101.877555,6910,10,"Flin Flon, Manitoba, Canada",01:00:00,11/08/2023
23.717533,120.202842,1626,57,"Taixi, Taiwan (台西)",03:00:00,11/08/2023
35.32,-97.4883,7365,51,"Moore, Oklahoma, USA",03:00:00,11/08/2023
43.6801,122.2532,7302,20,"Art vocational school, Tongliao (通辽艺术职业学校)",02:00:00,11/08/2023
36.91816342,31.09291175,14802,58,"Serik, Turkey",02:00:00,11/08/2023
48.616,35.326,-87457,50,Ялинкова,03:26:07,11/08/2023
54.35333333,18.63527778,2677,45,"Gdansk Srodmiescie, Gdansk, Poland",02:00:00,11/08/2023
55.44519301,65.33691376,-361672,10,улица Ленина,03:25:22,11/08/2023
32.36253,-88.27792,8198,51,"Ward, Alabama, USA",01:00:00,11/08/2023
16.172806,75.659694,12810,74,"Vidayagiri, Bagalkot, India",02:30:00,11/08/2023
41.1933,80.2956,7237,90,"Art Center, Aksu (阿克苏地区艺术中心)",02:00:00,11/08/2023
57.63692821,18.30356507,13987,28,"Visby Österväg 17, Sweden",02:20:15,11/08/2023
20.97327222,-89.62481111,11908,6,"SDS01, Mérida, Yucatán, Mexico",22:00:00,10/08/2023
33.92077,-116.85841,248,62,"Banning-Airport, Riverside",02:00:00,11/08/2023
47.74261,96.843025,-369394,5,Zavkhan_01,03:24:29,11/08/2023
2.258519,102.172683,2587,70,"Bukit Rambai, Melaka, Malaysia",02:00:00,11/08/2023
49.73244861,13.40228083,2731,48,"Plzen-Slovany, Plzensky, Czech Republic",02:00:00,11/08/2023
-0.095472,-78.449809,6943,75,"Carapungo, Quito, Ecuador",02:00:00,11/08/2023
53.593611,-116.392778,5485,5,"Edson, Alberta, Canada",02:00:00,11/08/2023
-29.628,-49.938,-367576,28,Avenida Marechal Mascarenhas de Moraes,03:25:33,11/08/2023
41.0385,113.1076,9890,122,"光明街小学, Ulanqab (乌兰察布光明街小学)",02:00:00,11/08/2023
62.2382,25.74802,13307,13,"Hannikaisenkatu, Jyväskylä, Finland",02:00:00,11/08/2023
52.054,-9.494,-194524,16,Hawthorn Avenue,03:27:02,11/08/2023
55.002818,-7.331179,8914,22,"Derry Rosemount, United Kingdom",01:00:00,11/08/2023
48.3841,-115.548,7524,43,"Libby Courthouse, Montana, USA",03:00:00,11/08/2023
56.482,9.154,-379684,7,Åparken,03:24:48,11/08/2023
16.734413,98.566961,9013,46,"Mae Pa,Mae Sot,Tak, Thailand (ต.แม่ปะ อ.แม่สอด จ.ตาก)",03:00:00,11/08/2023
-33.02041982,-71.55009284,4978,119,"Viña del Mar, Chile",02:00:00,11/08/2023
45.440295,-105.37028,7530,69,"Broadus, Montana, USA",03:00:00,11/08/2023
6.941978147,-71.88142419,-116983,3,Saravena,03:25:20,11/08/2023
32.30375,-64.80974,-228010,17,Boss Cove - Bermuda,03:26:39,11/08/2023
-20.88458333,55.45392778,5031,15,"Ecole Joinville, Reunion, France",00:00:00,11/08/2023
-28.787027,32.021848,13273,46,"Brackenham - RBCAA, King Cetshwayo, South Africa",02:00:00,11/08/2023
38.389557,128.248144,13571,38,"Inje(DMZ), Seoul, South Korea (인제(DMZ) 강원)",02:00:00,11/08/2023
26.582347,101.718637,1557,72,Panzhihua (攀枝花),02:00:00,11/08/2023
40.68655956,23.0004707,-239611,14,Amfithea,03:26:09,11/08/2023
-2.956974,104.719347,-87088,500,Palembang,03:26:22,11/08/2023
43.54277778,-5.709166667,14166,55,"El Lauredal, Asturias, Spain",02:00:00,11/08/2023
48.0695,-0.767511,5003,34,"Mazagran, Laval, Loire, France",03:00:00,11/08/2023
37.67696,-95.47594,13146,42,"Chanute, Kansas, USA",03:00:00,11/08/2023
38.848014,-104.828564,6316,25,"Colorado College, Colorado, USA",02:00:00,11/08/2023
19.806,-70.704,-52315,25,Calle Guayacanes,03:26:31,11/08/2023
66.996,-50.6215,-34756,4,"Kangerlussuaq, Greenland - University of Michigan Climate and Space",03:24:16,11/08/2023
40.653333,29.26,4158,143,"Yalova, Turkey",03:00:00,11/08/2023
26.9258,112.6194,7818,139,"Hengyang Chemical Plant, Hengyang (衡阳衡阳化工总厂)",02:00:00,11/08/2023
29.4402,112.9943,4459,112,"Junshan, Yueyang (岳阳君山区)",02:00:00,11/08/2023
49.0300862,20.3279007,3128,46,"Meteo. st, Ganovce, Slovakia",02:00:00,11/08/2023
32.521302,-84.944795,3918,44,"Columbus Airport, Georgia, USA",00:00:00,11/08/2023
48.317507,-107.862471,7518,36,"Malta, Montana, USA",03:00:00,11/08/2023
-33.234,-60.334,-191239,25,Presbítero Daniel Segundo,03:25:30,11/08/2023
-37.8073959,144.97,10141,35,Melbourne CBD,03:00:00,11/08/2023
-20.29046688,-70.10019243,8819,13,"Alto Hospicio, Chile",02:00:00,11/08/2023
39.13876,-121.61872,307,54,"Yuba City, Sutter, California",01:00:00,11/08/2023
40.40307,26.77063,8149,47,"Canakkale Lapseki, Turkey",03:00:00,11/08/2023
44.90886,8.20475,13203,64,"D'Acquisto, Asti, Piemonte, Italy",00:00:00,11/08/2023
56.9967,-111.5926,10709,33,"Buffalo Viewpoint, Alberta, Canada",02:00:00,11/08/2023
4.249786,117.935864,2606,57,"Tawau, Sabah, Malaysia",02:00:00,11/08/2023
54.332,48.386,-93181,16,проспект Нариманова,03:25:48,11/08/2023
9.5951,-13.6364,12794,17,"Conakry US Embassy, Guinea",02:00:00,11/08/2023
37.3798877,126.8031025,5514,38,Siheung (신흥시),02:00:00,11/08/2023
41.011,117.938,683,59,"Ligong, Chengde (承德市离宫)",02:00:00,11/08/2023
29.6747,91.1221,1385,42,"City EPA, Lhasa (拉萨市环保局)",02:00:00,11/08/2023
17.72,83.3,12443,130,"GVM Corporation, Visakhapatnam, India",01:30:00,11/08/2023
43.293,76.951,-224707,82,Есенова,03:23:58,11/08/2023
44.377048,-68.260902,7428,52,"Acadia NP - McFarland, Maine, USA",02:00:00,11/08/2023
24.03447,-104.64503,8865,65,"Durango, Durango, Mexico",02:00:00,11/08/2023
18.80475572,98.9867372,-239737,97,ร้านก๋วยเตี๋ยวลีลา ต.ช้างเผือก อ.เมือง จ.เชียงใหม่,03:00:00,11/08/2023
41.108546,122.994646,1475,61,Anshan (鞍山),02:00:00,11/08/2023
42.8328,93.4961,7232,63,"hāmì shīfàn xuéxiào, Kumul (哈密地区哈密师范学校)",02:00:00,11/08/2023
64.99473,25.47926,13863,28,"Nokela, Oulu, Finland",02:00:00,11/08/2023
39.93560894,-75.1633942,-406096,77,"Annin Street, Philadlephia",03:25:41,11/08/2023
45.05,39.014,-216556,51,2-й проезд Красных Зорь,03:25:55,11/08/2023
50.012753,36.334998,-195328,15,"Street Valentynivska, 24A",03:29:02,11/08/2023
-36.62551,-64.293111,-83047,24,Avenida Uruguay,03:24:44,11/08/2023
42.923916,143.196109,9897,5,"Nishi 5 Jominami, Obihiro, Hokkaido, Japan (帯広市役所帯広市)",02:00:00,11/08/2023
25.560083,87.553265,13812,160,"Mirchaibari, Katihar, India",02:30:00,11/08/2023
9.01917,38.74778,-202186,264,Black lion Hospital,03:26:42,11/08/2023
46.0872,85.6931,4300,50,"Wuerhequ trade buidling, Karamay (克拉玛依乌尔禾区商贸楼)",02:00:00,11/08/2023
28.99031222,-13.51654138,6784,80,"Costa Teguise, Canarias, Spain",01:00:00,11/08/2023
83.6,-36.06,-401911,89,B90,03:24:40,11/08/2023
-30.0362,145.9521,12388,4,Western LLS Bourke,23:00:00,10/08/2023
38.91382,1.41426,8278,42,"can misses, Baleares, Spain",23:00:00,10/08/2023
52.389028,12.848167,-110419,78,Neue Dorfstraße,03:20:39,11/08/2023
26.05388889,-80.25694444,9627,62,"Daniela Banu NCore, Broward, Florida, USA",04:00:00,11/08/2023
-6.72,108.544,-229387,54,Pekiringan,03:27:02,11/08/2023
46.5888,131.1572,7267,53,"Nursery, Shuangyashan (双鸭山苗圃)",02:00:00,11/08/2023
42.091154,-77.209883,5105,42,"Pinnacle, New York, USA",01:00:00,11/08/2023
47.607033,-79.47044,-402265,69,Timiskaming First Nation,03:27:10,11/08/2023
35.9525,-96.0033,7366,47,"Glenpool, Oklahoma, USA",03:00:00,11/08/2023
40.4525801,-109.5094572,4464,44,"Uintah, Utah",03:00:00,11/08/2023
47.9464,-91.4953,7345,21,"Ely, Minnesota, USA",03:00:00,11/08/2023
61.205861,-149.8246,3554,9,"Garden, Anchorage, Alaska",00:00:00,11/08/2023
45.1206885,141.1981589,3731,5,"Senhoshi, Hokkaido Prefecture, Japan (国設利尻酸性雨利尻郡利尻町)",01:00:00,11/08/2023
-26.6917,153.1038,5113,20,Mountain Creek,02:00:00,11/08/2023
23.5486,116.3242,7039,74,"xī mǎ, Jieyang (揭阳西马)",02:00:00,11/08/2023
8.816428,78.099039,14150,67,"Meelavittan, Thoothukudi, India",02:30:00,11/08/2023
61.31495,22.13671,4922,10,"Kaleva, Harjavalta, Finland",02:00:00,11/08/2023
47.388786,-78.70055,-403210,69,Belleterre,03:27:56,11/08/2023
50.5602515,-111.8480948,14112,23,"Brooks (Airpointer), Alberta, Canada",02:00:00,11/08/2023
-27.5358,152.9934,5116,36,Rocklea,02:00:00,11/08/2023
39.3525,-8.466111111,8376,39,"Chamusca, Chamusca, Portugal",01:00:00,11/08/2023
42.29289,-83.073135,-211084,95,AQSU-WindsorWest-2,03:28:05,11/08/2023
-15.412988,28.292583,-229753,77,CEEEZ - Parirenyetwa Rd,03:27:42,11/08/2023
37.27963544,-6.938076356,8469,121,"La Orden, Huelva, Spain",01:00:00,11/08/2023
34.698747,125.192314,13565,65,"Hongdo, Jeonnam, South Korea (홍도 전남)",02:00:00,11/08/2023
29.31773052,47.93243708,13302,115,"Al-Shuwaikh, Kuwait (الشويخ)",03:00:00,11/08/2023
30.315175,-90.811276,12846,51,"French Settlement site, Louisiana, USA",02:00:00,11/08/2023
45.556944,-73.6725,-409114,80,"Montréal, Ahuntsic Live Meteo Station",03:29:15,11/08/2023
-3.4572422,114.8103181,8292,64,"Banjarbaru, Indonesia",03:00:00,11/08/2023
44.299787,-120.844773,87,67,"Prineville, Oregon, USA",02:00:00,11/08/2023
43.04809432,-2.19138027,6718,68,"Beasain, País Vasco, Spain",01:00:00,11/08/2023
47.13647488,27.58189997,-227578,50,Strada Gării,03:17:45,11/08/2023
35.16,26.1,-192028,5,Πισκοκέφαλο - Καρύδι,03:20:34,11/08/2023
16.738,-14.648,-405769,8,طريق روصو - بوغي,03:26:08,11/08/2023
43.9469,87.4754,1415,100,"Xinjiang Academy of Agricultural Farms, Wulumuqi (乌鲁木齐新疆农科院农场)",02:00:00,11/08/2023
27.9883,116.3553,7799,107,"City Station, Fuzhoushi (抚州市站)",02:00:00,11/08/2023
28.6047,112.3347,7076,114,"Ziyang government center, Yiyang (益阳资阳区政务中心)",02:00:00,11/08/2023
64.74953121,20.96006771,13982,22,"Skellefteå Kv Pantern, Sweden",02:23:11,11/08/2023
-22.08586413,-70.18841562,14760,57,"Super Site, Chile",03:00:00,11/08/2023
46.68562,-123.7285563,137,17,"Commercial, Raymond, Washington, USA",01:00:00,11/08/2023
4.61,74,-373285,59,Abago Ecolufe Camelia d99d0b,03:28:26,11/08/2023
49.512636,31.906911,-97864,8,"Street Sydorchuka, 37",03:28:27,11/08/2023
-0.7693212,100.6350004,13505,66,"Tanjung Harapan, Indonesia",03:00:00,11/08/2023
48.9200933,20.8859343,3144,42,"SNP, Krompachy, Slovakia",02:00:00,11/08/2023
-17.70092,-63.152519,-373204,8,E3 Bolivia SCZ 6d5848,03:28:44,11/08/2023
28.593883,76.270653,12922,153,"Mini Secretariat, Charkhi Dadri, India",02:30:00,11/08/2023
56.028,92.904,-104482,25,Аэровокзальная улица,03:26:28,11/08/2023
34.7101705,32.5730657,2938,67,"Paphos Traffic, Cyprus (Πάφος - Κυκλοφοριακός Σταθμός)",03:00:00,11/08/2023
36.1092,-79.8011,8883,42,"Mendnhal, North Carolina, USA",03:00:00,11/08/2023
52.3697239,30.41457424,-195295,18,улица Авроры,03:25:24,11/08/2023
35.213,113.227,4446,152,"City EPA, Jiaozuo (焦作市环保局)",02:00:00,11/08/2023
41.65921359,26.58503902,4142,59,"Edirne, Turkey",03:00:00,11/08/2023
42.535825,9.475977778,5025,45,"Bastia La Marana, France",02:00:00,11/08/2023
49.18748554,6.910756865,7663,55,"Forbach-Centre, France",00:00:00,11/08/2023
51.529389,0.132857,14600,55,"Barking and Dagenham - Scrattons Farm, United Kingdom",00:00:00,11/08/2023
-12.63506,13.321333,-410383,109,Benguela,02:00:00,11/08/2023
37.2441261,21.70017064,-246115,33,Blemenianoi,03:26:50,11/08/2023
-28.7732192,114.6096326,6436,4,Geraldton,03:00:00,11/08/2023
-37.98,-63.602,-197584,10,25 de Mayo,03:25:18,11/08/2023
18.1283666,100.1624333,1830,74,"Phrae Meteorological Station, Thailand (สถานีอุตุนิยมวิทยาแพร่)",03:00:00,11/08/2023
53.06416667,14.285,6201,31,"Oder, Schwedt, Germany",02:00:00,11/08/2023
35.6567,-88.8092,7497,31,"Jackson, Tennessee, USA",03:00:00,11/08/2023
30.2175,-92.051389,6515,33,"Lafayette USGS site, Louisiana, USA",02:00:00,11/08/2023
34.28235333,-118.4366045,-398233,67,San Fernando MS (8358),02:00:00,11/08/2023
11.030287,106.35631,13659,149,"Tây Ninh/Thị xã Tràng Bảng, Vietnam",02:00:00,11/08/2023
51.037279,13.7303687,10891,42,"Dresden-Winckelmannstr., Germany",02:00:00,11/08/2023
